-- MySQL dump 10.13  Distrib 8.0.41, for Win64 (x86_64)
--
-- Host: localhost    Database: asia48_db
-- ------------------------------------------------------
-- Server version	8.0.41

/*!40101 SET @OLD_CHARACTER_SET_CLIENT=@@CHARACTER_SET_CLIENT */;
/*!40101 SET @OLD_CHARACTER_SET_RESULTS=@@CHARACTER_SET_RESULTS */;
/*!40101 SET @OLD_COLLATION_CONNECTION=@@COLLATION_CONNECTION */;
/*!50503 SET NAMES utf8 */;
/*!40103 SET @OLD_TIME_ZONE=@@TIME_ZONE */;
/*!40103 SET TIME_ZONE='+00:00' */;
/*!40014 SET @OLD_UNIQUE_CHECKS=@@UNIQUE_CHECKS, UNIQUE_CHECKS=0 */;
/*!40014 SET @OLD_FOREIGN_KEY_CHECKS=@@FOREIGN_KEY_CHECKS, FOREIGN_KEY_CHECKS=0 */;
/*!40101 SET @OLD_SQL_MODE=@@SQL_MODE, SQL_MODE='NO_AUTO_VALUE_ON_ZERO' */;
/*!40111 SET @OLD_SQL_NOTES=@@SQL_NOTES, SQL_NOTES=0 */;

--
-- Table structure for table `blogs`
--

DROP TABLE IF EXISTS `blogs`;
/*!40101 SET @saved_cs_client     = @@character_set_client */;
/*!50503 SET character_set_client = utf8mb4 */;
CREATE TABLE `blogs` (
  `published_date` date DEFAULT NULL,
  `id` bigint NOT NULL AUTO_INCREMENT,
  `author` varchar(255) COLLATE utf8mb4_unicode_ci DEFAULT NULL,
  `category` varchar(255) COLLATE utf8mb4_unicode_ci DEFAULT NULL,
  `content` text COLLATE utf8mb4_unicode_ci NOT NULL,
  `featured_image_url` varchar(255) COLLATE utf8mb4_unicode_ci DEFAULT NULL,
  `slug` varchar(255) COLLATE utf8mb4_unicode_ci NOT NULL,
  `title` varchar(255) COLLATE utf8mb4_unicode_ci NOT NULL,
  PRIMARY KEY (`id`),
  UNIQUE KEY `UKpl5w1yw2c5lligoeb9a393fr3` (`slug`)
) ENGINE=InnoDB AUTO_INCREMENT=4 DEFAULT CHARSET=utf8mb4 COLLATE=utf8mb4_unicode_ci;
/*!40101 SET character_set_client = @saved_cs_client */;

--
-- Dumping data for table `blogs`
--

LOCK TABLES `blogs` WRITE;
/*!40000 ALTER TABLE `blogs` DISABLE KEYS */;
INSERT INTO `blogs` VALUES ('2025-08-10',1,'Jane Doe','Visa & Immigration','<p>Navigating the visa process can be the most stressful part of planning your study abroad journey. For Japan, a country known for its meticulous processes, being prepared is key. This guide will walk you through the five essential steps to ensure your student visa application is smooth and successful.</p><h2 class=\"text-2xl font-bold mt-6 mb-3\">Step 1: Obtain Your Certificate of Eligibility (COE)</h2><p>Before you can even apply for a visa, your chosen school in Japan must apply for a Certificate of Eligibility (COE) on your behalf from the Japanese Immigration Bureau. This is the most crucial document and proves that you meet the conditions for landing in Japan. The process can take 1-3 months, so ensure your school starts this early.</p><h2 class=\"text-2xl font-bold mt-6 mb-3\">Step 2: Prepare Your Financial Documents</h2><p>You must prove that you or your sponsor have sufficient funds to cover your tuition and living expenses. This usually involves providing official bank statements for the past several months. The required amount varies, so check with your school, but be prepared to show access to at least ¥2,000,000 (approx. $18,000 USD).</p><h3 class=\"text-xl font-bold mt-4 mb-2\">Key Takeaways</h3><ul class=\"list-disc list-inside space-y-2\"><li>The Certificate of Eligibility (COE) is the most important document.</li><li>Financial proof is non-negotiable and must be clearly documented.</li><li>Start the process at least 6 months before your intended travel date.</li><li>Double-check every single field on your application form for accuracy.</li></ul>','https://images.unsplash.com/photo-1542051841857-5f90071e7989?auto=format&fit=crop&w=1200&q=80','5-steps-to-secure-your-student-visa-for-japan','5 Essential Steps to Secure Your Student Visa for Japan'),('2025-08-05',2,'John Smith','Scholarships & Funding','<p>Discover the most prestigious and accessible scholarships available for international students looking to study in South Korea. From the Global Korea Scholarship (GKS) to university-specific funding, we cover the options that can make your dream of studying in Korea a reality.</p><h2 class=\"text-2xl font-bold mt-6 mb-3\">Global Korea Scholarship (GKS)</h2><p>The GKS is a fully-funded scholarship offered by the Korean government. It covers airfare, tuition, living expenses, and health insurance. The competition is high, but it is the most comprehensive scholarship available.</p><h3 class=\"text-xl font-bold mt-4 mb-2\">Key Takeaways</h3><ul class=\"list-disc list-inside space-y-2\"><li>The GKS is the most sought-after scholarship.</li><li>Many top universities like SNU and KAIST offer their own scholarships.</li><li>Check application deadlines carefully as they vary significantly.</li></ul>','https://images.unsplash.com/photo-1538485399081-7191377e8241?auto=format&fit=crop&w=1200&q=80','top-scholarships-for-studying-in-south-korea','Top Scholarships for Studying in South Korea'),('2025-07-28',3,'Emily Chen','Student Life Abroad','<p>From accommodation to local cuisine, here is everything you need to know to make the most of your student life in the vibrant city-state of Singapore. Singapore is a melting pot of cultures, offering a unique and enriching experience for international students.</p><h2 class=\"text-2xl font-bold mt-6 mb-3\">Finding Accommodation</h2><p>Most universities offer on-campus housing, which is the most convenient option. Alternatively, you can look for private student hostels or rent an HDB flat with other students. Start your search early as demand is high.</p><h3 class=\"text-xl font-bold mt-4 mb-2\">Key Takeaways</h3><ul class=\"list-disc list-inside space-y-2\"><li>On-campus housing is convenient but competitive.</li><li>Explore Singapore\'s diverse food scene at hawker centres.</li><li>The public transport system (MRT) is efficient and affordable.</li></ul>','https://images.unsplash.com/photo-1525625293386-3f8f99389edd?auto=format&fit=crop&w=1200&q=80','a-guide-to-student-life-in-singapore','A Guide to Student Life in Singapore');
/*!40000 ALTER TABLE `blogs` ENABLE KEYS */;
UNLOCK TABLES;

--
-- Table structure for table `contact_enquiries`
--

DROP TABLE IF EXISTS `contact_enquiries`;
/*!40101 SET @saved_cs_client     = @@character_set_client */;
/*!50503 SET character_set_client = utf8mb4 */;
CREATE TABLE `contact_enquiries` (
  `id` bigint NOT NULL AUTO_INCREMENT,
  `email` varchar(255) COLLATE utf8mb4_unicode_ci NOT NULL,
  `full_name` varchar(255) COLLATE utf8mb4_unicode_ci NOT NULL,
  `is_resolved` bit(1) NOT NULL,
  `message` text COLLATE utf8mb4_unicode_ci NOT NULL,
  `submitted_at` datetime(6) DEFAULT NULL,
  PRIMARY KEY (`id`)
) ENGINE=InnoDB AUTO_INCREMENT=2 DEFAULT CHARSET=utf8mb4 COLLATE=utf8mb4_unicode_ci;
/*!40101 SET character_set_client = @saved_cs_client */;

--
-- Dumping data for table `contact_enquiries`
--

LOCK TABLES `contact_enquiries` WRITE;
/*!40000 ALTER TABLE `contact_enquiries` DISABLE KEYS */;
INSERT INTO `contact_enquiries` VALUES (1,'snehasaxena152003@gmail.com','Sneha',_binary '\0','gfgfg','2025-08-19 14:36:32.600239');
/*!40000 ALTER TABLE `contact_enquiries` ENABLE KEYS */;
UNLOCK TABLES;

--
-- Table structure for table `country`
--

DROP TABLE IF EXISTS `country`;
/*!40101 SET @saved_cs_client     = @@character_set_client */;
/*!50503 SET character_set_client = utf8mb4 */;
CREATE TABLE `country` (
  `id` bigint NOT NULL AUTO_INCREMENT,
  `country_overview` text COLLATE utf8mb4_unicode_ci,
  `currency` varchar(255) COLLATE utf8mb4_unicode_ci DEFAULT NULL,
  `flag_url` varchar(255) COLLATE utf8mb4_unicode_ci DEFAULT NULL,
  `language` varchar(255) COLLATE utf8mb4_unicode_ci DEFAULT NULL,
  `name` varchar(255) COLLATE utf8mb4_unicode_ci DEFAULT NULL,
  `page_url` varchar(255) COLLATE utf8mb4_unicode_ci DEFAULT NULL,
  PRIMARY KEY (`id`)
) ENGINE=InnoDB AUTO_INCREMENT=51 DEFAULT CHARSET=utf8mb4 COLLATE=utf8mb4_unicode_ci;
/*!40101 SET character_set_client = @saved_cs_client */;

--
-- Dumping data for table `country`
--

LOCK TABLES `country` WRITE;
/*!40000 ALTER TABLE `country` DISABLE KEYS */;
INSERT INTO `country` VALUES (1,'A landlocked country at the crossroads of Central and South Asia, known for its rugged mountains and ancient history.','AFN','https://flagcdn.com/af.svg','Pashto/Dari','Afghanistan','/destinations/afghanistan'),(2,'An ancient nation in the mountainous Caucasus region between Asia and Europe, and is the earliest known site of wine production.','AMD','https://flagcdn.com/am.svg','Armenian','Armenia','/destinations/armenia'),(3,'Known as the Land of Fire, Azerbaijan is a country in the South Caucasus region, bounded by the Caspian Sea and Caucasus Mountains.','AZN','https://flagcdn.com/az.svg','Azerbaijani','Azerbaijan','/destinations/azerbaijan'),(4,'An island nation in the Persian Gulf, Bahrain is a hub for finance and is known for its pearl fisheries.','BHD','https://flagcdn.com/bh.svg','Arabic','Bahrain','/destinations/bahrain'),(5,'A South Asian country marked by lush greenery and many waterways. Its Padma (Ganges), Meghna and Jamuna rivers create fertile plains.','BDT','https://flagcdn.com/bd.svg','Bengali','Bangladesh','/destinations/bangladesh'),(6,'A Buddhist kingdom on the Himalayas’ eastern edge, known for its monasteries, fortresses (or dzongs) and dramatic landscapes.','BTN','https://flagcdn.com/bt.svg','Dzongkha','Bhutan','/destinations/bhutan'),(7,'A tiny nation on the island of Borneo, known for its beaches and biodiverse rainforest, much of it protected within reserves.','BND','https://flagcdn.com/bn.svg','Malay','Brunei','/destinations/brunei'),(8,'A Southeast Asian nation whose landscape spans low-lying plains, the Mekong Delta, mountains and Thailand Gulf coastline. Its most famous landmark is Angkor Wat.','KHR','https://flagcdn.com/kh.svg','Khmer','Cambodia','/destinations/cambodia'),(9,'A populous nation in East Asia whose vast landscape encompasses grassland, desert, mountains, lakes, rivers and 14,500km of coastline.','CNY','https://flagcdn.com/cn.svg','Mandarin','China','/destinations/china'),(10,'An island country in the Eastern Mediterranean Sea with a rich history, known for its beautiful beaches and archaeological sites.','EUR','https://flagcdn.com/cy.svg','Greek/Turkish','Cyprus','/destinations/cyprus'),(11,'A country at the intersection of Europe and Asia, home to Caucasus Mountain villages and Black Sea beaches.','GEL','https://flagcdn.com/ge.svg','Georgian','Georgia','/destinations/georgia'),(12,'A vast South Asian country with diverse terrain – from Himalayan peaks to Indian Ocean coastline – and history reaching back 5 millennia.','INR','https://flagcdn.com/in.svg','Hindi/English','India','/destinations/india'),(13,'A Southeast Asian nation made up of thousands of volcanic islands, home to hundreds of ethnic groups speaking many different languages.','IDR','https://flagcdn.com/id.svg','Indonesian','Indonesia','/destinations/indonesia'),(14,'Also known as Persia, is a country in Western Asia. It is home to one of the world\'s oldest civilizations.','IRR','https://flagcdn.com/ir.svg','Persian','Iran','/destinations/iran'),(15,'A country in Western Asia, bordered by Turkey to the north, Iran to the east, and is home to the ancient Mesopotamian civilizations.','IQD','https://flagcdn.com/iq.svg','Arabic/Kurdish','Iraq','/destinations/iraq'),(16,'A Middle Eastern country on the Mediterranean Sea, is regarded by Jews, Christians and Muslims as the biblical Holy Land.','ILS','https://flagcdn.com/il.svg','Hebrew','Israel','/destinations/israel'),(17,'An island country in East Asia, known for its imperial palaces, mountainous national parks, and thousands of shrines and temples.','JPY','https://flagcdn.com/jp.svg','Japanese','Japan','/destinations/japan'),(18,'An Arab nation on the east bank of the Jordan River, is defined by ancient monuments, nature reserves and seaside resorts.','JOD','https://flagcdn.com/jo.svg','Arabic','Jordan','/destinations/jordan'),(19,'A Central Asian country and former Soviet republic, it extends from the Caspian Sea in the west to the Altai Mountains at its eastern border with China and Russia.','KZT','https://flagcdn.com/kz.svg','Kazakh/Russian','Kazakhstan','/destinations/kazakhstan'),(20,'An Arab country on the Persian (Arabian) Gulf, has a cultural heritage dating back to antiquity.','KWD','https://flagcdn.com/kw.svg','Arabic','Kuwait','/destinations/kuwait'),(21,'A rugged Central Asian country along the Silk Road, the ancient trade route between China and the Mediterranean.','KGS','https://flagcdn.com/kg.svg','Kyrgyz/Russian','Kyrgyzstan','/destinations/kyrgyzstan'),(22,'A Southeast Asian country traversed by the Mekong River and known for mountainous terrain, French colonial architecture, hill tribe settlements and Buddhist monasteries.','LAK','https://flagcdn.com/la.svg','Lao','Laos','/destinations/laos'),(23,'A Middle Eastern country on the Mediterranean Sea. Its rich history and cultural landscape have been shaped by various civilizations.','LBP','https://flagcdn.com/lb.svg','Arabic','Lebanon','/destinations/lebanon'),(24,'A Southeast Asian country occupying parts of the Malay Peninsula and the island of Borneo. It\'s known for its beaches, rainforests and mix of Malay, Chinese, Indian and European cultural influences.','MYR','https://flagcdn.com/my.svg','Malay/English','Malaysia','/destinations/malaysia'),(25,'A tropical nation in the Indian Ocean composed of 26 ring-shaped atolls, which are made up of more than 1,000 coral islands.','MVR','https://flagcdn.com/mv.svg','Dhivehi','Maldives','/destinations/maldives'),(26,'A nation bordered by China and Russia, is known for vast, rugged expanses and nomadic culture.','MNT','https://flagcdn.com/mn.svg','Mongolian','Mongolia','/destinations/mongolia'),(27,'A Southeast Asian nation of more than 100 ethnic groups, bordering India, Bangladesh, China, Laos and Thailand.','MMK','https://flagcdn.com/mm.svg','Burmese','Myanmar','/destinations/myanmar'),(28,'A landlocked country in South Asia. It is mainly situated in the Himalayas, but also includes parts of the Indo-Gangetic Plain.','NPR','https://flagcdn.com/np.svg','Nepali','Nepal','/destinations/nepal'),(29,'Officially the Democratic People\'s Republic of Korea, is a country in East Asia constituting the northern part of the Korean Peninsula.','KPW','https://flagcdn.com/kp.svg','Korean','North Korea','/destinations/north-korea'),(30,'An Arab country on the southeastern coast of the Arabian Peninsula in Western Asia.','OMR','https://flagcdn.com/om.svg','Arabic','Oman','/destinations/oman'),(31,'A country in South Asia. It is the world\'s fifth-most populous country.','PKR','https://flagcdn.com/pk.svg','Urdu/English','Pakistan','/destinations/pakistan'),(32,'A de jure sovereign state in Western Asia claiming the West Bank and Gaza Strip with East Jerusalem as the designated capital.','ILS','https://flagcdn.com/ps.svg','Arabic','Palestine','/destinations/palestine'),(33,'A Southeast Asian country in the Western Pacific, comprising more than 7,000 islands.','PHP','https://flagcdn.com/ph.svg','Filipino/English','Philippines','/destinations/philippines'),(34,'A peninsular Arab country whose terrain comprises arid desert and a long Persian (Arab) Gulf shoreline of beaches and dunes.','QAR','https://flagcdn.com/qa.svg','Arabic','Qatar','/destinations/qatar'),(35,'A desert country encompassing most of the Arabian Peninsula, with Red Sea and Persian (Arabian) Gulf coastlines.','SAR','https://flagcdn.com/sa.svg','Arabic','Saudi Arabia','/destinations/saudi-arabia'),(36,'An island city-state off southern Malaysia, is a global financial center with a tropical climate and multicultural population.','SGD','https://flagcdn.com/sg.svg','English','Singapore','/destinations/singapore'),(37,'An East Asian nation on the southern half of the Korean Peninsula, known for its green, hilly countryside.','KRW','https://flagcdn.com/kr.svg','Korean','South Korea','/destinations/south-korea'),(38,'An island country in South Asia, located in the Indian Ocean. It is known for its beautiful beaches, ancient ruins, and rich culture.','LKR','https://flagcdn.com/lk.svg','Sinhala/Tamil','Sri Lanka','/destinations/sri-lanka'),(39,'A country in Western Asia, with a rich history that has been shaped by various civilizations.','SYP','https://flagcdn.com/sy.svg','Arabic','Syria','/destinations/syria'),(40,'An island in East Asia, known for its modern cities, traditional Chinese temples, and dramatic mountainous terrain.','TWD','https://flagcdn.com/tw.svg','Mandarin','Taiwan','/destinations/taiwan'),(41,'A country in Central Asia surrounded by Afghanistan, China, Kyrgyzstan and Uzbekistan. It’s known for rugged mountains, popular for hiking and climbing.','TJS','https://flagcdn.com/tj.svg','Tajik','Tajikistan','/destinations/tajikistan'),(42,'A Southeast Asian country. It\'s known for tropical beaches, opulent royal palaces, ancient ruins and ornate temples displaying figures of Buddha.','THB','https://flagcdn.com/th.svg','Thai','Thailand','/destinations/thailand'),(43,'A Southeast Asian nation occupying half the island of Timor, is ringed by coral reefs teeming with marine life.','USD','https://flagcdn.com/tl.svg','Tetun/Portuguese','Timor-Leste','/destinations/timor-leste'),(44,'A transcontinental country located mainly on the Anatolian Peninsula in Western Asia, with a smaller portion on the Balkan Peninsula in Southeast Europe.','TRY','https://flagcdn.com/tr.svg','Turkish','Turkey','/destinations/turkey'),(45,'A country in Central Asia bordered by the Caspian Sea and largely covered by the Karakum Desert.','TMT','https://flagcdn.com/tm.svg','Turkmen','Turkmenistan','/destinations/turkmenistan'),(46,'An Arabian Peninsula nation settled mainly along the Persian (Arabian) Gulf. The country is a federation of 7 emirates.','AED','https://flagcdn.com/ae.svg','Arabic/English','UAE','/destinations/uae'),(47,'A Central Asian nation and former Soviet republic. It\'s known for its mosques, mausoleums and other sites linked to the Silk Road.','UZS','https://flagcdn.com/uz.svg','Uzbek','Uzbekistan','/destinations/uzbekistan'),(48,'A Southeast Asian country known for its beaches, rivers, Buddhist pagodas and bustling cities.','VND','https://flagcdn.com/vn.svg','Vietnamese','Vietnam','/destinations/vietnam'),(49,'A country at the southern end of the Arabian Peninsula in Western Asia.','YER','https://flagcdn.com/ye.svg','Arabic','Yemen','/destinations/yemen'),(50,'A city, and former British colony, in southeastern China. Its vibrant, densely populated urban centre is a major port and global financial hub with a skyscraper-studded skyline.','HKD','https://flagcdn.com/hk.svg','Cantonese/English','Hong Kong','/destinations/hong-kong');
/*!40000 ALTER TABLE `country` ENABLE KEYS */;
UNLOCK TABLES;

--
-- Table structure for table `courses`
--

DROP TABLE IF EXISTS `courses`;
/*!40101 SET @saved_cs_client     = @@character_set_client */;
/*!50503 SET character_set_client = utf8mb4 */;
CREATE TABLE `courses` (
  `id` bigint NOT NULL AUTO_INCREMENT,
  `course_name` varchar(255) COLLATE utf8mb4_unicode_ci NOT NULL,
  `duration` varchar(255) COLLATE utf8mb4_unicode_ci DEFAULT NULL,
  `eligibility` text COLLATE utf8mb4_unicode_ci,
  `fees` varchar(255) COLLATE utf8mb4_unicode_ci DEFAULT NULL,
  `level` varchar(255) COLLATE utf8mb4_unicode_ci DEFAULT NULL,
  `university_id` bigint NOT NULL,
  PRIMARY KEY (`id`),
  KEY `FKrcy3bbgamrs67gaumubcu2es7` (`university_id`),
  CONSTRAINT `FKrcy3bbgamrs67gaumubcu2es7` FOREIGN KEY (`university_id`) REFERENCES `universities` (`id`)
) ENGINE=InnoDB AUTO_INCREMENT=51 DEFAULT CHARSET=utf8mb4 COLLATE=utf8mb4_unicode_ci;
/*!40101 SET character_set_client = @saved_cs_client */;

--
-- Dumping data for table `courses`
--

LOCK TABLES `courses` WRITE;
/*!40000 ALTER TABLE `courses` DISABLE KEYS */;
INSERT INTO `courses` VALUES (37,'Computer Science','4 Years','High school diploma with strong math and science grades.','$22,000/year','Bachelor',1),(38,'Business Administration (MBA)','17 Months','Bachelor\'s degree and GMAT/GRE score.','$35,000/year','Master',1),(39,'Mechanical Engineering','4 Years','Completion of 12 years of schooling, entrance exam.','$16,000/year','Bachelor',2),(40,'Economics','2 Years','Bachelor\'s degree in a related field.','$18,000/year','Master',2),(41,'Korean Language and Literature','4 Years','High school diploma, TOPIK level 3 or higher.','$12,000/year','Bachelor',3),(42,'Electrical Engineering','2 Years','Bachelor\'s in Engineering, English proficiency test.','$15,000/year','Master',3),(43,'Civil Engineering','4 Years','High school diploma, strong performance in science.','$20,000/year','Bachelor',4),(44,'Global Affairs (Schwarzman Scholars)','1 Year','Bachelor\'s degree, leadership potential.','Fully Funded','Master',4),(45,'Medicine (MBBS)','5 Years','Excellent grades in science subjects.','$8,000/year','Bachelor',5),(46,'Data Science','1.5 Years','Bachelor\'s degree in a quantitative field.','$6,000/year','Master',5),(47,'Aerospace Engineering','4 Years','High school diploma with advanced math/physics.','$28,000/year','Bachelor',6),(48,'Petroleum Engineering','2 Years','Relevant Bachelor\'s degree.','$32,000/year','Master',6),(49,'Computer Science and Engineering','4 Years','JEE Advanced entrance exam qualification.','$5,000/year','Bachelor',7),(50,'Industrial Design','2 Years','Bachelor\'s degree and CEED/GATE score.','$6,000/year','Master',7);
/*!40000 ALTER TABLE `courses` ENABLE KEYS */;
UNLOCK TABLES;

--
-- Table structure for table `faq`
--

DROP TABLE IF EXISTS `faq`;
/*!40101 SET @saved_cs_client     = @@character_set_client */;
/*!50503 SET character_set_client = utf8mb4 */;
CREATE TABLE `faq` (
  `id` bigint NOT NULL AUTO_INCREMENT,
  `question` varchar(1000) COLLATE utf8mb4_unicode_ci NOT NULL,
  `answer` varchar(2000) COLLATE utf8mb4_unicode_ci NOT NULL,
  PRIMARY KEY (`id`)
) ENGINE=InnoDB DEFAULT CHARSET=utf8mb4 COLLATE=utf8mb4_unicode_ci;
/*!40101 SET character_set_client = @saved_cs_client */;

--
-- Dumping data for table `faq`
--

LOCK TABLES `faq` WRITE;
/*!40000 ALTER TABLE `faq` DISABLE KEYS */;
/*!40000 ALTER TABLE `faq` ENABLE KEYS */;
UNLOCK TABLES;

--
-- Table structure for table `planner_tasks`
--

DROP TABLE IF EXISTS `planner_tasks`;
/*!40101 SET @saved_cs_client     = @@character_set_client */;
/*!50503 SET character_set_client = utf8mb4 */;
CREATE TABLE `planner_tasks` (
  `id` bigint NOT NULL AUTO_INCREMENT,
  `category` varchar(255) COLLATE utf8mb4_unicode_ci DEFAULT NULL,
  `country_filter` varchar(255) COLLATE utf8mb4_unicode_ci DEFAULT NULL,
  `course_level_filter` varchar(255) COLLATE utf8mb4_unicode_ci DEFAULT NULL,
  `task_description` varchar(1000) COLLATE utf8mb4_unicode_ci NOT NULL,
  `timeline_months` int NOT NULL,
  PRIMARY KEY (`id`)
) ENGINE=InnoDB AUTO_INCREMENT=13 DEFAULT CHARSET=utf8mb4 COLLATE=utf8mb4_unicode_ci;
/*!40101 SET character_set_client = @saved_cs_client */;

--
-- Dumping data for table `planner_tasks`
--

LOCK TABLES `planner_tasks` WRITE;
/*!40000 ALTER TABLE `planner_tasks` DISABLE KEYS */;
INSERT INTO `planner_tasks` VALUES (1,'General','All','All','Research universities and shortlist potential courses.',12),(2,'General','All','All','Prepare for and take standardized tests (IELTS, TOEFL, GRE, etc.).',9),(3,'General','All','All','Finalize university applications and submit them before deadlines.',6),(4,'General','All','All','Begin searching for and applying to relevant scholarships.',4),(5,'General','All','All','Apply for your student visa and start arranging accommodation.',3),(6,'General','All','All','Book flights and attend any pre-departure briefings.',1),(7,'Country-Specific','Japan','All','Prepare Statement of Purpose in Japanese (if required), check JLPT exams.',8),(8,'Country-Specific','Singapore','All','Check the tuition grant scheme for international students.',7),(9,'Country-Specific','South Korea','All','Apply for the Global Korea Scholarship (GKS) if eligible.',5),(10,'Country-Specific','UAE','All','Check work-study restrictions for the student visa.',4),(11,'Course-Level','All','Undergraduate','Ensure high school transcripts are officially translated and attested.',10),(12,'Course-Level','All','Postgraduate','Prepare your GMAT/GRE scores for submission.',10);
/*!40000 ALTER TABLE `planner_tasks` ENABLE KEYS */;
UNLOCK TABLES;

--
-- Table structure for table `question`
--

DROP TABLE IF EXISTS `question`;
/*!40101 SET @saved_cs_client     = @@character_set_client */;
/*!50503 SET character_set_client = utf8mb4 */;
CREATE TABLE `question` (
  `answered_at` datetime(6) DEFAULT NULL,
  `id` bigint NOT NULL AUTO_INCREMENT,
  `submitted_at` datetime(6) DEFAULT NULL,
  `answer_text` varchar(2000) COLLATE utf8mb4_unicode_ci DEFAULT NULL,
  `question_text` varchar(2000) COLLATE utf8mb4_unicode_ci DEFAULT NULL,
  `country_name` varchar(255) COLLATE utf8mb4_unicode_ci DEFAULT NULL,
  `user_email` varchar(255) COLLATE utf8mb4_unicode_ci DEFAULT NULL,
  `user_name` varchar(255) COLLATE utf8mb4_unicode_ci DEFAULT NULL,
  `visa_type` varchar(255) COLLATE utf8mb4_unicode_ci DEFAULT NULL,
  `status` enum('ANSWERED','PENDING') COLLATE utf8mb4_unicode_ci DEFAULT NULL,
  PRIMARY KEY (`id`)
) ENGINE=InnoDB DEFAULT CHARSET=utf8mb4 COLLATE=utf8mb4_unicode_ci;
/*!40101 SET character_set_client = @saved_cs_client */;

--
-- Dumping data for table `question`
--

LOCK TABLES `question` WRITE;
/*!40000 ALTER TABLE `question` DISABLE KEYS */;
/*!40000 ALTER TABLE `question` ENABLE KEYS */;
UNLOCK TABLES;

--
-- Table structure for table `roles`
--

DROP TABLE IF EXISTS `roles`;
/*!40101 SET @saved_cs_client     = @@character_set_client */;
/*!50503 SET character_set_client = utf8mb4 */;
CREATE TABLE `roles` (
  `id` int NOT NULL AUTO_INCREMENT,
  `name` enum('ROLE_ADMIN','ROLE_USER') COLLATE utf8mb4_unicode_ci DEFAULT NULL,
  PRIMARY KEY (`id`)
) ENGINE=InnoDB AUTO_INCREMENT=3 DEFAULT CHARSET=utf8mb4 COLLATE=utf8mb4_unicode_ci;
/*!40101 SET character_set_client = @saved_cs_client */;

--
-- Dumping data for table `roles`
--

LOCK TABLES `roles` WRITE;
/*!40000 ALTER TABLE `roles` DISABLE KEYS */;
INSERT INTO `roles` VALUES (1,'ROLE_ADMIN'),(2,'ROLE_USER');
/*!40000 ALTER TABLE `roles` ENABLE KEYS */;
UNLOCK TABLES;

--
-- Table structure for table `scholarships`
--

DROP TABLE IF EXISTS `scholarships`;
/*!40101 SET @saved_cs_client     = @@character_set_client */;
/*!50503 SET character_set_client = utf8mb4 */;
CREATE TABLE `scholarships` (
  `id` bigint NOT NULL AUTO_INCREMENT,
  `application_link` varchar(255) COLLATE utf8mb4_unicode_ci DEFAULT NULL,
  `country` varchar(255) COLLATE utf8mb4_unicode_ci NOT NULL,
  `description` text COLLATE utf8mb4_unicode_ci,
  `eligibility` text COLLATE utf8mb4_unicode_ci,
  `funding` varchar(255) COLLATE utf8mb4_unicode_ci DEFAULT NULL,
  `scholarship_name` varchar(255) COLLATE utf8mb4_unicode_ci NOT NULL,
  PRIMARY KEY (`id`)
) ENGINE=InnoDB AUTO_INCREMENT=88 DEFAULT CHARSET=utf8mb4 COLLATE=utf8mb4_unicode_ci;
/*!40101 SET character_set_client = @saved_cs_client */;

--
-- Dumping data for table `scholarships`
--

LOCK TABLES `scholarships` WRITE;
/*!40000 ALTER TABLE `scholarships` DISABLE KEYS */;
INSERT INTO `scholarships` VALUES (70,'https://www.studyinjapan.go.jp/en/smap-stopj-applications-mext.html','Japan','A prestigious scholarship offered by the Japanese Government for research students.','Must be under 35 and a graduate.','Fully Funded','MEXT Scholarship'),(71,'https://www.studyinkorea.go.kr','South Korea','A comprehensive scholarship from the Korean Government for graduate studies.','Must be under 40 with a relevant degree.','Fully Funded','Global Korea Scholarship (GKS)'),(72,'https://www.campuschina.org/','China','The Chinese Government Scholarship for international students studying in China.','Varies by university and program.','Fully Funded','CSC Scholarship'),(73,'https://www.a-star.edu.sg/Scholarships/for-graduate-studies/singapore-international-graduate-award-singa','Singapore','A PhD scholarship that covers tuition, provides a monthly stipend, and airfare.','Open to all international graduates with a passion for research.','Fully Funded','Singapore International Graduate Award (SINGA)'),(74,'https://biasiswa.mohe.gov.my/INTER/','Malaysia','A scholarship from the Malaysian Government for postgraduate studies at Malaysian universities.','Excellent academic record, under 45 years old.','Fully Funded','Malaysia International Scholarship (MIS)'),(75,'https://www.turkiyeburslari.gov.tr/','Turkey','A comprehensive scholarship program for international students at all levels of higher education.','Strong academic background and under 30 for Masters, 35 for PhD.','Fully Funded','Türkiye Bursları Scholarship'),(76,'https://www.ku.ac.ae/scholarships','UAE','A scholarship for Masters and PhD students at Khalifa University, covering all necessary expenses.','Outstanding academic credentials for graduate studies.','Fully Funded','Khalifa University Scholarship'),(77,'https://www.studyinindia.gov.in/','India','A flagship project by the Government of India to attract international students to study in India.','Varies by institution and course.','Partial to Full Funding','Study in India Scholarship'),(78,'https://english.moe.gov.tw/','Taiwan','Offered by the Ministry of Education for undergraduate and postgraduate studies.','Excellent academic record from an eligible country.','Partial to Full Funding','Taiwan Scholarship (MOE)'),(79,'https://www.chula.ac.th/en/academics/admissions-and-scholarships/scholarships/','Thailand','A scholarship for international students to pursue graduate studies at Chulalongkorn University.','Graduate-level applicants with strong academic performance.','Fully Funded','Chulalongkorn University Scholarship'),(80,'https://cerg1.ugc.edu.hk/hkpfs/index.html','Hong Kong','A prestigious award for the best and brightest PhD students from around the world.','Demonstrated outstanding qualities of academic performance.','Fully Funded','Hong Kong PhD Fellowship Scheme (HKPFS)'),(81,'http://knb.kemdikbud.go.id/','Indonesia','A scholarship offered by the Indonesian Government to students from developing countries.','Must be a citizen of a developing country.','Fully Funded','KNB Scholarship'),(82,'http://mfa.gov.bn/Pages/BDGS.aspx','Brunei','Supports students pursuing Diplomas, Bachelor\'s, and Master\'s degrees at Bruneian universities.','Citizens of, but not limited to, ASEAN, OIC, and Commonwealth countries.','Fully Funded','Brunei Darussalam Government Scholarship'),(83,'https://oia.nycu.edu.tw/en/scholarship/nctu-scholarship/','Taiwan','Offered by National Chiao Tung University to attract outstanding international students.','Excellent academic and research performance.','Partial Funding','NCTU International Student Scholarship'),(84,'https://www.siit.tu.ac.th/admission.php?sid=17&ssid=68','Thailand','Scholarships for students in Engineering, Technology, and Management at Sirindhorn International Institute of Technology.','Excellent academic record, for Master\'s or Doctoral programs.','Fully Funded','SIIT Graduate Scholarship Program'),(85,'https://scholarships.vinuni.edu.vn/','Vietnam','A prestigious scholarship for study at leading universities worldwide, with a condition to return to Vietnam to work.','For Master\'s and PhD programs in science and technology.','Fully Funded','Vingroup Scholarships'),(86,'https://www.kaust.edu.sa/en/study/phd-program','Saudi Arabia','A fellowship at King Abdullah University of Science and Technology, covering all costs and providing a generous stipend.','For exceptional PhD and MS/PhD students.','Fully Funded','KAUST Fellowship'),(87,'https://www.adb.org/work-with-us/careers/japan-scholarship-program','Various','Provides funding for postgraduate studies in economics, management, science and technology.','Citizen of an ADB borrowing member country.','Fully Funded','ADB-Japan Scholarship Program');
/*!40000 ALTER TABLE `scholarships` ENABLE KEYS */;
UNLOCK TABLES;

--
-- Table structure for table `testimonial`
--

DROP TABLE IF EXISTS `testimonial`;
/*!40101 SET @saved_cs_client     = @@character_set_client */;
/*!50503 SET character_set_client = utf8mb4 */;
CREATE TABLE `testimonial` (
  `id` bigint NOT NULL AUTO_INCREMENT,
  `content` varchar(1000) COLLATE utf8mb4_unicode_ci NOT NULL,
  `user_designation` varchar(255) COLLATE utf8mb4_unicode_ci NOT NULL,
  `user_name` varchar(255) COLLATE utf8mb4_unicode_ci NOT NULL,
  PRIMARY KEY (`id`)
) ENGINE=InnoDB DEFAULT CHARSET=utf8mb4 COLLATE=utf8mb4_unicode_ci;
/*!40101 SET character_set_client = @saved_cs_client */;

--
-- Dumping data for table `testimonial`
--

LOCK TABLES `testimonial` WRITE;
/*!40000 ALTER TABLE `testimonial` DISABLE KEYS */;
/*!40000 ALTER TABLE `testimonial` ENABLE KEYS */;
UNLOCK TABLES;

--
-- Table structure for table `universities`
--

DROP TABLE IF EXISTS `universities`;
/*!40101 SET @saved_cs_client     = @@character_set_client */;
/*!50503 SET character_set_client = utf8mb4 */;
CREATE TABLE `universities` (
  `id` bigint NOT NULL AUTO_INCREMENT,
  `application_deadline` varchar(255) COLLATE utf8mb4_unicode_ci DEFAULT NULL,
  `city` varchar(255) COLLATE utf8mb4_unicode_ci DEFAULT NULL,
  `country` varchar(255) COLLATE utf8mb4_unicode_ci NOT NULL,
  `description` text COLLATE utf8mb4_unicode_ci,
  `name` varchar(255) COLLATE utf8mb4_unicode_ci NOT NULL,
  `ranking` varchar(255) COLLATE utf8mb4_unicode_ci DEFAULT NULL,
  `scholarships_available` bit(1) NOT NULL,
  `tuition_fee_max` int NOT NULL,
  `tuition_fee_min` int NOT NULL,
  `website_link` varchar(255) COLLATE utf8mb4_unicode_ci DEFAULT NULL,
  PRIMARY KEY (`id`)
) ENGINE=InnoDB AUTO_INCREMENT=19 DEFAULT CHARSET=utf8mb4 COLLATE=utf8mb4_unicode_ci;
/*!40101 SET character_set_client = @saved_cs_client */;

--
-- Dumping data for table `universities`
--

LOCK TABLES `universities` WRITE;
/*!40000 ALTER TABLE `universities` DISABLE KEYS */;
INSERT INTO `universities` VALUES (1,'March 15','Singapore','Singapore','A leading global university centered in Asia, influencing the future.','National University of Singapore (NUS)','QS World #8',_binary '',35000,20000,'https://www.nus.edu.sg/'),(2,'December 1','Tokyo','Japan','A world-class research university with a rich history of academic excellence.','The University of Tokyo','QS World #28',_binary '',25000,15000,'https://www.u-tokyo.ac.jp/en/'),(3,'February 20','Seoul','South Korea','Korea\'s most prestigious university, leading in research and education.','Seoul National University (SNU)','QS World #29',_binary '',20000,10000,'https://en.snu.ac.kr/'),(4,'January 10','Beijing','China','A major research university in Beijing, and a member of the C9 League of Chinese universities.','Tsinghua University','QS World #14',_binary '',30000,18000,'https://www.tsinghua.edu.cn/en/'),(5,'April 30','Kuala Lumpur','Malaysia','Malaysia\'s oldest and highest-ranking institution, known for its comprehensive range of programs.','University of Malaya (UM)','QS World #65',_binary '',15000,5000,'https://www.um.edu.my/'),(6,'May 1','Abu Dhabi','UAE','A top-ranked engineering university in the UAE, focusing on science and technology.','Khalifa University','QS World #181',_binary '',40000,25000,'https://www.ku.ac.ae/'),(7,'March 20','Mumbai','India','A leading engineering and technology institute in India, renowned for its rigorous curriculum.','Indian Institute of Technology Bombay (IITB)','QS World #149',_binary '',10000,4000,'https://www.iitb.ac.in/');
/*!40000 ALTER TABLE `universities` ENABLE KEYS */;
UNLOCK TABLES;

--
-- Table structure for table `user_roles`
--

DROP TABLE IF EXISTS `user_roles`;
/*!40101 SET @saved_cs_client     = @@character_set_client */;
/*!50503 SET character_set_client = utf8mb4 */;
CREATE TABLE `user_roles` (
  `role_id` int NOT NULL,
  `user_id` bigint NOT NULL,
  PRIMARY KEY (`role_id`,`user_id`),
  KEY `FKhfh9dx7w3ubf1co1vdev94g3f` (`user_id`),
  CONSTRAINT `FKh8ciramu9cc9q3qcqiv4ue8a6` FOREIGN KEY (`role_id`) REFERENCES `roles` (`id`),
  CONSTRAINT `FKhfh9dx7w3ubf1co1vdev94g3f` FOREIGN KEY (`user_id`) REFERENCES `users` (`id`)
) ENGINE=InnoDB DEFAULT CHARSET=utf8mb4 COLLATE=utf8mb4_unicode_ci;
/*!40101 SET character_set_client = @saved_cs_client */;

--
-- Dumping data for table `user_roles`
--

LOCK TABLES `user_roles` WRITE;
/*!40000 ALTER TABLE `user_roles` DISABLE KEYS */;
INSERT INTO `user_roles` VALUES (2,1);
/*!40000 ALTER TABLE `user_roles` ENABLE KEYS */;
UNLOCK TABLES;

--
-- Table structure for table `users`
--

DROP TABLE IF EXISTS `users`;
/*!40101 SET @saved_cs_client     = @@character_set_client */;
/*!50503 SET character_set_client = utf8mb4 */;
CREATE TABLE `users` (
  `id` bigint NOT NULL AUTO_INCREMENT,
  `username` varchar(20) COLLATE utf8mb4_unicode_ci NOT NULL,
  `email` varchar(50) COLLATE utf8mb4_unicode_ci NOT NULL,
  `password` varchar(120) COLLATE utf8mb4_unicode_ci NOT NULL,
  PRIMARY KEY (`id`),
  UNIQUE KEY `UKr43af9ap4edm43mmtq01oddj6` (`username`),
  UNIQUE KEY `UK6dotkott2kjsp8vw4d0m25fb7` (`email`)
) ENGINE=InnoDB AUTO_INCREMENT=2 DEFAULT CHARSET=utf8mb4 COLLATE=utf8mb4_unicode_ci;
/*!40101 SET character_set_client = @saved_cs_client */;

--
-- Dumping data for table `users`
--

LOCK TABLES `users` WRITE;
/*!40000 ALTER TABLE `users` DISABLE KEYS */;
INSERT INTO `users` VALUES (1,'sneha','coralreaf001@gmail.com','$2a$10$ayBaNVM9Ifd0eOvxgwsBd.xOYTqkJMKfu32uMTXGvaVnnMYzAFn06');
/*!40000 ALTER TABLE `users` ENABLE KEYS */;
UNLOCK TABLES;

--
-- Table structure for table `visa`
--

DROP TABLE IF EXISTS `visa`;
/*!40101 SET @saved_cs_client     = @@character_set_client */;
/*!50503 SET character_set_client = utf8mb4 */;
CREATE TABLE `visa` (
  `country_id` bigint NOT NULL,
  `id` bigint NOT NULL AUTO_INCREMENT,
  `eligibility_brief` varchar(1000) COLLATE utf8mb4_unicode_ci DEFAULT NULL,
  `services_offered` varchar(1000) COLLATE utf8mb4_unicode_ci DEFAULT NULL,
  `application_fee` varchar(255) COLLATE utf8mb4_unicode_ci DEFAULT NULL,
  `application_process` text COLLATE utf8mb4_unicode_ci,
  `common_pitfalls` text COLLATE utf8mb4_unicode_ci,
  `cuisine_suggestion` text COLLATE utf8mb4_unicode_ci,
  `detailed_description` text COLLATE utf8mb4_unicode_ci,
  `document_checklist` text COLLATE utf8mb4_unicode_ci,
  `financial_requirements` text COLLATE utf8mb4_unicode_ci,
  `itinerary_suggestion` text COLLATE utf8mb4_unicode_ci,
  `processing_time` varchar(255) COLLATE utf8mb4_unicode_ci DEFAULT NULL,
  `stay_duration` varchar(255) COLLATE utf8mb4_unicode_ci DEFAULT NULL,
  `type` varchar(255) COLLATE utf8mb4_unicode_ci DEFAULT NULL,
  `visa_validity` varchar(255) COLLATE utf8mb4_unicode_ci DEFAULT NULL,
  PRIMARY KEY (`id`),
  KEY `FKdcpi2pbigebs924hbt34h5ipx` (`country_id`),
  CONSTRAINT `FKdcpi2pbigebs924hbt34h5ipx` FOREIGN KEY (`country_id`) REFERENCES `country` (`id`)
) ENGINE=InnoDB AUTO_INCREMENT=221 DEFAULT CHARSET=utf8mb4 COLLATE=utf8mb4_unicode_ci;
/*!40101 SET character_set_client = @saved_cs_client */;

--
-- Dumping data for table `visa`
--

LOCK TABLES `visa` WRITE;
/*!40000 ALTER TABLE `visa` DISABLE KEYS */;
INSERT INTO `visa` VALUES (1,1,'Admission letter from an Afghan institution.','Application Assistance, Document Verification','~$50','1. Secure admission.\n2. Apply at the nearest Afghan embassy with required documents.','Incomplete application forms.','Kabuli Pulao, Mantu.','For students enrolled in recognized Afghan schools or universities.','* Passport\n* Admission Letter\n* Financial Proof','Proof of funds to cover tuition and living expenses.','N/A','4-6 weeks','1 year','Education','1 year'),(1,2,'Highly restricted, case-by-case basis.','Legal Consultation, Special Permit Application','Varies','Requires special permits and government approvals, a very lengthy process.','Lack of proper sponsorship.','N/A','Long-term residency is extremely difficult to obtain for foreign nationals.','* Extensive personal and professional documentation.','Significant financial resources may be required.','N/A','Months','Long-term','Immigration','Varies'),(1,3,'Invitation letter or tour group required. Travel is highly discouraged.','Invitation Support, Tour Booking','~$100','1. Obtain an invitation or book a tour.\n2. Apply at an Afghan embassy.','Lack of a valid invitation or sponsor.','Bolani, Ashak.','Tourist visas are for sightseeing and visiting family.','* Passport\n* Invitation Letter\n* Proof of accommodation','Sufficient funds for the duration of stay.','Visit the Gardens of Babur in Kabul, see the Minaret of Jam.','2-4 weeks','30 days','Travel','3 months'),(1,4,'Invitation from a registered Afghan company.','Business Invitation Vetting, Legal Advisory','~$150','1. Secure an invitation from an Afghan business partner.\n2. Apply at the embassy.','Invitation from a non-reputable company.','N/A','For individuals visiting for business meetings, negotiations, or trade.','* Passport\n* Official Invitation Letter\n* Company Registration Documents','Letter from the sponsoring company confirming financial responsibility.','N/A','2-4 weeks','30 days','Business','3 months'),(2,5,'Enrollment in an Armenian educational institution.','Application Support, Post-Arrival Registration','~$10','1. Get accepted into a school.\n2. Apply for a student residency permit upon arrival.','Not applying for the residency permit in time after arrival.','Khorovats (BBQ), Dolma.','For students attending universities or other educational programs in Armenia.','* Passport\n* Enrollment Letter\n* Proof of accommodation','Sufficient funds for living expenses.','Explore Yerevan, visit the Geghard Monastery.','1-2 weeks','1 year','Education','1 year'),(2,6,'Based on work, investment, or Armenian heritage.','Residency Permit Help, Investment Advisory','Varies','1. Determine eligibility (work, family, etc.).\n2. Gather documents.\n3. Apply at the Passport and Visa Department in Yerevan.','Incomplete documentation.','N/A','Armenia offers temporary and permanent residency permits for various purposes.','* Passport\n* Application Form\n* Proof of Funds/Employment','Proof of stable income or sufficient savings.','N/A','2-3 months','Long-term','Immigration','1-5 years'),(2,7,'Visa-free for many nationalities.','Itinerary Planning, Local Tour Booking','Free','Simply arrive at the border with a valid passport if from a visa-exempt country.','Overstaying the visa-free period.','Harissa, Lavash bread.','For tourism and visiting friends or relatives.','* Valid Passport','N/A for visa-free entry.','Visit Tatev Monastery, hike in Dilijan National Park.','Visa-Free','Up to 180 days','Travel','180 days'),(2,8,'For establishing a business or investment.','Company Registration Help, Legal Consultation','~$70','1. Register a company or have an invitation.\n2. Apply for a business visa or residency permit.','Unclear business purpose.','N/A','For foreign nationals intending to conduct business activities in Armenia.','* Passport\n* Business Plan or Invitation Letter','Proof of investment or business registration.','N/A','1-2 weeks','Up to 1 year','Business','1 year'),(3,9,'Requires admission to an accredited institution.','University Application Support, Residency Permit Help','~$20','1. Secure admission.\n2. Apply for a single-entry visa.\n3. Apply for a temporary residence permit upon arrival.','Not registering with the State Migration Service.','N/A','For long-term study at Azerbaijani universities.','* Passport\n* Admission Letter\n* Completed Application','Proof of tuition payment and sufficient funds.','N/A','3-5 days','1 year','Education','1 year'),(3,10,'Work or investment-based residency permits.','Residency Application Guidance, Investment Advisory','Varies','1. Obtain a work permit or make an investment.\n2. Apply for a temporary residence permit.','Issues with work permit validation.','N/A','Residency is typically tied to employment or significant investment in the country.','* Passport\n* Work Contract or Investment Proof','A valid work permit or proof of investment of at least 500,000 AZN.','N/A','3-6 months','Long-term','Immigration','Varies'),(3,11,'ASAN e-Visa available for many nationalities.','E-Visa Application Service, Tour Planning','~$20','Apply online via the ASAN Visa portal.','Applying through unofficial websites.','Plov, Dolma, Kebab.','The ASAN Visa is a convenient e-visa for tourists from eligible countries.','* Passport Copy (digital)','N/A','Explore Baku\'s old city, see the mud volcanoes.','3 days','30 days','Travel','90 days'),(3,12,'E-Visa suitable for short business trips.','Business E-Visa Support, Itinerary Planning','~$20','Apply online via the ASAN Visa portal, selecting \'business\' as the purpose.','Overstaying the 30-day limit.','N/A','The ASAN e-Visa can also be used for short-term business meetings.','* Passport Copy (digital)','N/A','N/A','3 days','30 days','Business','90 days'),(4,13,'Sponsored by the educational institution in Bahrain.','Sponsorship Coordination, Application Filing','Varies','1. Gain admission.\n2. The institution handles the visa sponsorship application.','Delays caused by the sponsoring institution.','N/A','A student visa must be sponsored by the school or university.','* Passport\n* Sponsor Letter from school\n* Medical Certificate','Sponsorship from the institution is the primary requirement.','N/A','2-4 weeks','1 year','Education','1 year'),(4,14,'Typically requires employment sponsorship.','Work Permit Assistance, Job Search Support','Varies','1. Secure a job offer.\n2. Employer applies for your work permit and entry visa.','Employer failing to complete the sponsorship process correctly.','N/A','Residency is almost always tied to having a local employer sponsor your work permit.','* Passport\n* Employment Contract\n* Medical Certificate','A valid employment contract with a Bahraini company.','N/A','1-2 months','Long-term','Immigration','Varies'),(4,15,'E-Visa available for tourism purposes.','E-Visa Application, Tour Booking','~$25','Apply online through the official Bahrain e-Visa website.','Not having a hotel booking confirmation.','Machboos, Quzi.','An electronic visa is available for tourists from many countries.','* Passport\n* Onward Ticket\n* Hotel Booking','Proof of sufficient funds for your stay.','Visit the Bahrain National Museum, see the Tree of Life.','3-5 days','14 days','Travel','30 days'),(4,16,'Requires a local sponsor or company invitation.','Sponsor Arrangement, Corporate Services','~$80','Apply for an e-Visa with a letter from a local sponsoring company.','The sponsor letter not being correctly formatted.','N/A','For attending meetings, conferences, and trade fairs.','* Passport\n* Sponsor Letter\n* CR copy of the sponsoring company','A valid and registered Bahraini sponsor.','N/A','1 week','30 days','Business','1 year (multi-entry)'),(5,17,'Admission to a recognized Bangladeshi institution.','Student Visa Application, Document Checklist','~$50','Apply at a Bangladeshi embassy with the required documents.','Incomplete application form.','N/A','For students enrolled in full-time courses.','* Passport\n* Admission Letter\n* Bank Statement','Proof of financial solvency.','N/A','1-2 weeks','1 year','Education','1 year'),(5,18,'Primarily for investors and high-skilled workers.','Investment Visa Guidance, BIDA Liaison','Varies','Requires a recommendation from the Bangladesh Investment Development Authority (BIDA).','Bureaucratic delays.','N/A','Long-term residency options are available for significant investors.','* Passport\n* Investment Plan\n* BIDA Recommendation','Minimum investment thresholds must be met.','N/A','Months','Long-term','Immigration','Varies'),(5,19,'Visa on Arrival available for many nationalities for tourism.','VOA Checklist Prep, Tour Planning','~$20','Proceed to the Visa on Arrival counter upon landing.','Not having required documents in hand upon arrival.','Biryani, Hilsa fish curry.','For tourism, available at major international airports.','* Passport\n* Return Ticket\n* Proof of Funds','Sufficient funds (e.g., $500).','Explore the Sundarbans mangrove forest, visit tea gardens in Srimangal.','On Arrival','30 days','Travel','30 days'),(5,20,'Invitation from a Bangladeshi business entity.','Business Invitation Support, Application Filing','~$100','Apply at a Bangladeshi embassy with an invitation letter.','Lack of a proper invitation.','N/A','For business meetings, trade, and investment.','* Passport\n* Invitation Letter\n* Letter from your own company','A clear invitation from a registered Bangladeshi company.','N/A','1 week','30-90 days','Business','6-12 months'),(6,21,'Extremely rare; requires government approval.','Special Permit Consultation','Varies','Requires special permits and is handled on a case-by-case basis.','N/A','N/A','Long-term study is not a common pathway for foreigners.','* Case-by-case basis','Varies','N/A','Varies','Course Duration','Education','Varies'),(6,22,'Immigration to Bhutan is not generally possible.','Consultation','N/A','N/A','N/A','N/A','Bhutan does not have a standard immigration program for foreign nationals.','* N/A','N/A','N/A','N/A','N/A','Immigration','N/A'),(6,23,'Must be booked through a licensed Bhutanese tour operator.','Tour Package Booking, Visa Clearance Assistance','$40 + Daily Fee','1. Book a tour with a licensed operator.\n2. The operator processes your visa clearance.','Attempting to travel independently.','Ema Datshi (chili cheese stew), Phaksha Paa (pork with red chilies).','All tourists must pay a daily Sustainable Development Fee and book a pre-arranged tour.','* Passport Copy (digital)','Full pre-payment of the tour package, including the daily fee.','Hike to the Tiger\'s Nest Monastery, visit Punakha Dzong.','2-3 weeks','Tour Duration','Travel','Tour Duration'),(6,24,'Invitation from a Bhutanese organization required.','Official Invitation Help, Application Support','Varies','1. The Bhutanese organization applies for your permit.\n2. Apply with the permit at an embassy.','Delays in receiving the official invitation.','N/A','For official or business visits, an invitation is mandatory.','* Passport\n* Official Invitation','Sponsorship from the Bhutanese organization.','N/A','2-3 weeks','Varies','Business','Varies'),(7,25,'Student Pass required, applied for by the school.','School Liaison Services, Application Coordination','~$15','1. Gain admission.\n2. School applies for a Student Pass on your behalf.','Incomplete paperwork from the school.','N/A','For students enrolled in schools and universities in Brunei.','* Passport\n* Admission Letter\n* Medical Certificate','Sponsorship by the educational institution.','N/A','1-2 weeks','1 year','Education','1 year'),(7,26,'Strict requirements, usually tied to employment.','Work Permit Guidance, Document Verification','Varies','1. Secure employment.\n2. Employer applies for an Employment Pass.','Employer not meeting sponsorship criteria.','N/A','Long-term residency is typically linked to a valid work permit.','* Passport\n* Employment Contract\n* Academic Qualifications','A valid job offer from a Bruneian company.','N/A','Months','Long-term','Immigration','Varies'),(7,27,'Visa required for many nationalities.','Visa Application Filing, Itinerary Planning','~$15','Apply at a Bruneian embassy before travel.','Not applying for the visa in advance.','Ambuyat (a starchy delicacy), Nasi Katok.','For tourism and visiting family.','* Passport\n* Hotel Booking\n* Flight Itinerary','Proof of sufficient funds.','Visit the Omar Ali Saifuddien Mosque, explore Ulu Temburong National Park.','1 week','14-30 days','Travel','3 months'),(7,28,'Letter of invitation from a Bruneian company.','Invitation Vetting, Application Support','~$20','Apply at a Bruneian embassy with an official invitation.','Invitation letter lacking specific details.','N/A','For attending business meetings or conferences.','* Passport\n* Invitation Letter\n* Your Company\'s Letter','A credible sponsoring company in Brunei.','N/A','1 week','14-30 days','Business','3 months'),(8,29,'Can enter on a business visa and convert.','Visa Extension Service, School Liaison','~$35','1. Obtain an E-class visa on arrival or online.\n2. Extend it for 6 or 12 months with a letter from your school.','Overstaying the initial 30-day E-class visa.','N/A','Students typically enter on an E-class (Business) visa and extend it annually.','* Passport\n* School Letter for extension','Sufficient funds for extensions and living costs.','N/A','On Arrival/Online','1 year (extendable)','Education','1 year'),(8,30,'Long-term business visa is the common pathway.','Long-Term Visa Help, Business Registration','Varies','1. Obtain an E-class visa.\n2. Renew it for long durations (6-12 months) through a visa agent.','Using unreliable visa agents for extensions.','N/A','Cambodia is known for its relatively easy long-term visa extensions for business (E-class) visas.','* Passport\n* Business Documents (for some extensions)','Ability to pay for long-term extensions.','N/A','1-2 months','Long-term','Immigration','1 year (renewable)'),(8,31,'E-Visa and Visa on Arrival are widely available.','E-Visa Application, Tour Booking','~$30','Apply online for an e-Visa or get a visa on arrival at major entry points.','E-visa not being accepted at all land borders.','Fish Amok, Beef Lok Lak.','The T-class visa is for tourists.','* Passport\n* Photo','Sufficient funds for your trip.','Explore the temples of Angkor Wat, visit the Killing Fields, relax in Koh Rong.','On Arrival/Online','30 days','Travel','3 months'),(8,32,'Easily extendable for long-term business stays.','Business Visa Extensions, Local Agent Connection','~$35','Obtain on arrival or online. This is the recommended visa for most non-tourist visitors.','Confusing the T-class (Tourist) with the E-class (Business) visa.','N/A','The E-class visa is for business and general long stays.','* Passport\n* Photo','Sufficient funds.','N/A','On Arrival/Online','30 days (extendable)','Business','3 months'),(9,33,'JW201 or JW202 form from a Chinese university.','CSC Scholarship Help, University Matching','~$140','1. Receive admission and JW201/202 form.\n2. Apply at a Chinese Visa Application Service Center.','Incorrectly filled out the complex visa application form.','N/A','The X visa is for students. X1 for long-term (>180 days), X2 for short-term.','* Passport\n* Admission Notice\n* JW201/JW202 Form','Proof of financial support.','N/A','4-5 days','Course Duration','Education','1 year (multi-entry)'),(9,34,'Highly selective, typically for major investors or experts.','Green Card Application Advisory','Varies','Requires significant contributions to China, high-level employment, or large investment.','Underestimating the difficulty and requirements.','N/A','The Chinese \"Green Card\" is one of the most difficult to obtain permanent residencies.','* Extensive documentation proving contribution or investment.','Very high financial or professional thresholds.','N/A','Varies','Permanent','Immigration','Varies'),(9,35,'Tourist (L) visa requires a detailed itinerary.','Itinerary Planning, Visa Application Support','~$140','Apply at a Chinese Visa Application Service Center with all required documents.','A poorly detailed or inconsistent itinerary.','Peking Duck, Dim Sum, Hot Pot.','For tourism, sightseeing, and visiting family.','* Passport\n* Itinerary\n* Flight/Hotel Bookings','Proof of accommodation and transport.','Visit the Great Wall, see the Terracotta Army, explore Shanghai.','4-5 days','Up to 30 days','Travel','3-6 months'),(9,36,'Requires an invitation letter from a Chinese company.','Invitation Letter Vetting, M Visa Application','~$140','Apply at a visa center with an official invitation letter from a Chinese business partner.','The invitation letter is missing key information.','N/A','The M visa is for commercial and trade activities.','* Passport\n* Invitation Letter\n* Company Details','A detailed and official invitation letter.','N/A','4-5 days','30-90 days per visit','Business','6 months (multi-entry)'),(10,37,'Admission to a Cypriot educational institution.','Student Visa Application, Document Apostille Service','~$60','1. Apply for an entry permit from the Migration Department.\n2. Enter Cyprus and apply for a student visa.','Not having documents apostilled or officially translated.','N/A','For non-EU students enrolled in full-time courses.','* Passport\n* Admission Letter\n* Police Clearance','Proof of sufficient funds in a bank account.','N/A','2-3 weeks','1 year','Education','1 year'),(10,38,'Investment and property purchase are common routes.','Investment Visa Advisory, Real Estate Consultation','Varies','1. Purchase property meeting the minimum value.\n2. Submit residency application with proof of purchase.','Issues with property title deeds.','N/A','Cyprus offers permanent residency through real estate investment.','* Passport\n* Property Title Deeds\n* Proof of Income','Minimum property investment of €300,000 and a stable foreign income.','N/A','6-12 months','Permanent','Immigration','Varies'),(10,39,'Part of the EU, Schengen rules may apply for entry.','Itinerary Planning, Schengen Visa Consultation','Free','Check if your nationality is visa-exempt. If not, apply for a short-stay visa.','Confusing Cyprus\'s EU status with Schengen Area status.','Halloumi cheese, Souvlaki.','For tourism. Cyprus is in the EU but not the Schengen Area.','* Passport','Sufficient funds for the stay.','Explore the beaches of Ayia Napa, visit the ancient ruins of Kourion.','Visa-Free','90 days','Travel','180 days'),(10,40,'For attending meetings and conferences.','Business Visa Support, Invitation Vetting','~$80','Apply at a Cypriot embassy with an invitation letter.','Assuming visa-free entry for business purposes.','N/A','For short-term business trips for non-EU nationals.','* Passport\n* Invitation Letter\n* Proof of Accommodation','A clear invitation from a Cypriot company.','N/A','1-2 weeks','90 days','Business','1 year'),(41,41,'Requires an invitation from the institution.','Invitation Support, Application Filing','~$75','1. Obtain an invitation.\n2. Apply for a student visa at an embassy.','Bureaucratic delays.','N/A','For students enrolled in Tajik universities.','* Passport\n* Invitation\n* Application Form','Proof of tuition payment.','N/A','1-2 weeks','1 year','Education','1 year'),(41,42,'Work and investment are the main pathways.','Residency Permit Help, Work Permit Assistance','Varies','1. Secure a work permit.\n2. Apply for a long-term visa and then residency.','Complex and slow process.','N/A','Residency is tied to employment or business.','* Passport\n* Work Permit\n* Police Clearance','A valid work permit.','N/A','Months','Long-term','Immigration','Varies'),(41,43,'E-Visa is available and easy to obtain.','E-Visa Application, GBAO Permit Help','~$50','Apply online through the official e-Visa portal.','Not getting the separate GBAO permit for Pamir travel.','Osh (plov), Qurutob.','For tourism, especially for trekking in the Pamir Mountains.','* Passport (digital copy)','N/A','Drive the Pamir Highway, visit Iskanderkul Lake.','Online','60 days','Travel','90 days'),(41,44,'E-Visa can be used for business purposes.','Business E-Visa Support','~$75','Apply for an e-Visa online, selecting \'business\' as the purpose.','Overstaying the e-Visa validity.','N/A','For short-term business trips.','* Passport (digital copy)','N/A','N/A','Online','60 days','Business','90 days'),(42,45,'Admission to a Thai school or university.','ED Visa Application, School Placement','~$80','1. Get admission letter.\n2. Apply for ED visa at a Thai embassy.\n3. Extend the visa in Thailand.','Not extending the visa before it expires.','N/A','Non-Immigrant ED Visa for students.','* Passport\n* Admission Letter\n* School Documents','Proof of funds (approx. $700/month).','N/A','1-2 weeks','1 year','Education','90 days (extendable)'),(42,46,'Options like Elite Visa, LTR, or retirement visas.','Elite Visa Application, LTR Visa Advisory','Varies','Each program (e.g., Elite Visa) has its own application process and requirements.','Choosing the wrong long-term visa for your needs.','N/A','Thailand offers various long-term residency options.','* Passport\n* Financial Proof\n* Medical Certificate','Varies greatly by program (e.g., high net worth for LTR).','N/A','1-2 months','Long-term','Immigration','1 year (renewable)'),(42,47,'Proof of onward travel and accommodation.','E-Visa Application, Itinerary Planning','~$40','Apply for an e-Visa or at an embassy. Visa exemption for many.','Assuming visa exemption without checking.','Pad Thai, Tom Yum Goong, Mango Sticky Rice.','Tourist visa for sightseeing and holidays.','* Passport\n* Flight Tickets\n* Hotel Bookings','Proof of accommodation and onward travel.','Visit Bangkok\'s temples, relax on the beaches of Phuket.','3-5 days','60 days','Travel','60 days'),(42,48,'Non-Immigrant B Visa for work or business.','Work Permit Assistance, B Visa Application','~$80','1. Obtain an invitation and supporting docs.\n2. Apply for Non-B visa.\n3. Apply for work permit in Thailand.','Working on a tourist visa is illegal.','N/A','For working, business meetings, or investment.','* Passport\n* Invitation Letter\n* Company Docs','A valid work permit is required for employment.','N/A','1-2 weeks','1 year','Business','90 days (extendable)'),(43,49,'Must be arranged directly with institutions.','Consultation','Varies','Case-by-case basis, requires local coordination.','Lack of formal programs.','N/A','Limited options for international students.','* Passport\n* Admission Letter','Sponsorship from the institution.','N/A','Varies','Varies','Education','Varies'),(43,50,'Employment or significant investment.','Residency Application Support','Varies','Requires a local sponsor and government approval.','Bureaucratic process.','N/A','Long-term residency is possible but not common.','* Passport\n* Sponsor Letter','A valid reason for long-term stay.','N/A','Months','Long-term','Immigration','Varies'),(43,51,'Visa on Arrival at Dili airport and seaport.','Visa on Arrival Assistance','~$30','Obtain upon arrival by presenting required documents.','Not having sufficient cash (USD) on hand.','Ikan Bakar (grilled fish), Batar Da\'an.','For tourism and visiting the country.','* Passport\n* Return Ticket\n* Proof of Funds','Cash of $100 for entry + $50 per day.','Go diving in Atauro Island, explore Dili.','On Arrival','30 days','Travel','90 days'),(43,52,'Visa on Arrival can be used for business meetings.','Business Visa Consultation','~$40','Obtain upon arrival, state business as purpose.','Engaging in long-term work.','N/A','For short-term business activities.','* Passport\n* Return Ticket','Sufficient funds.','N/A','On Arrival','30 days','Business','90 days'),(44,53,'Requires a student visa from a Turkish consulate.','Consulate Application Prep, Residency Permit Help','Varies','1. Get an acceptance letter.\n2. Apply for a student visa at a Turkish embassy before you travel.','Arriving on a tourist visa and trying to convert it.','N/A','For students enrolled in Turkish universities or language courses.','* Passport\n* Admission Letter\n* Health Insurance','Proof of financial means to support yourself.','N/A','4-8 weeks','1 year','Education','1 year'),(44,54,'Residency via property ownership is a popular option.','Property Investment Advisory, Residency Application','Varies','1. Purchase property or secure a job.\n2. Apply for a short-term residence permit online.','Not having all documents translated and notarized.','N/A','Turkey offers long-term residency permits for property owners, workers, and students.','* Passport\n* Property Deed or Work Contract\n* Health Insurance','A valid reason for stay (property, work, etc.) and health insurance.','N/A','2-3 months','Long-term','Immigration','1 year (renewable)'),(44,55,'E-Visa available for many nationalities.','E-Visa Application, Tour Planning','~$50','Apply online through the official Turkish e-Visa website.','The e-Visa website has many unofficial copycats.','Doner Kebab, Baklava, Turkish Delight.','For tourism and sightseeing.','* Passport','N/A','Explore Istanbul, see the fairy chimneys of Cappadocia.','Online','90 days','Travel','180 days'),(44,56,'For meetings, requires supporting documents.','Business Visa Application, Invitation Vetting','Varies','Apply at a Turkish embassy with an invitation letter.','Assuming an e-Visa is sufficient for all business activities.','N/A','For attending business meetings, conferences, or fairs.','* Passport\n* Invitation Letter\n* Company Documents','A formal invitation from a Turkish company.','N/A','1 week','90 days','Business','180 days'),(45,57,'Extremely difficult, requires government invitation.','Consultation','Varies','Requires an official invitation from a state institution.','Highly restrictive process.','N/A','Not a common destination for international students.','* Official Invitation\n* Passport','Full state sponsorship.','N/A','Months','Varies','Education','Varies'),(45,58,'Not a viable option for most foreign nationals.','Consultation','N/A','N/A','N/A','N/A','Immigration is not a standard process.','* N/A','N/A','N/A','N/A','N/A','Immigration','N/A'),(45,59,'Requires a letter of invitation, usually from a tour agency.','Tour & Invitation Support','~$55','1. Book a tour.\n2. Tour agency applies for your Letter of Invitation (LOI).\n3. Apply for visa with LOI.','Attempting any independent activity.','Plov, Shurpa.','All tourism is strictly controlled and must be done through a state-approved tour.','* Passport\n* Letter of Invitation (LOI)','Full pre-payment of the tour.','Visit the Darvaza Gas Crater (\"Gates of Hell\").','2-3 weeks','10-20 days','Travel','Varies'),(45,60,'Official invitation from a Turkmen company is mandatory.','Invitation Vetting','~$100','1. Partner company secures an official invitation.\n2. Apply at embassy with the invitation.','Delays in receiving the official invitation.','N/A','For business with state-approved enterprises.','* Passport\n* Official Invite','A government-approved invitation.','N/A','2-3 weeks','Varies','Business','Varies'),(47,61,'Requires admission to an Uzbek institution.','Application Support, Post-Arrival Registration','~$60','1. Obtain an admission letter.\n2. Apply for a student visa at an embassy.','Not registering with local authorities (OVIR).','N/A','For students enrolled in universities in Uzbekistan.','* Passport\n* Admission Letter\n* Application Form','Proof of tuition payment.','N/A','1-2 weeks','1 year','Education','1 year'),(47,62,'Work permit or significant investment required.','Residency Permit Help','Varies','1. Secure a work permit via an employer.\n2. Apply for a long-term visa and then residency.','Bureaucratic process for work permits.','N/A','Residency is typically tied to employment.','* Passport\n* Work Permit\n* Health Certificate','A valid work permit.','N/A','Months','Long-term','Immigration','Varies'),(47,63,'E-Visa available for a large number of countries.','E-Visa Application, Tour Planning','~$20','Apply online through the official e-Visa portal.','Not having hotel registration slips for each night of stay.','Plov (national dish), Samsa.','For tourism along the historic Silk Road.','* Passport (digital copy)\n* Photo (digital)','N/A','Explore the ancient cities of Samarkand, Bukhara, and Khiva.','3 days','30 days','Travel','90 days'),(47,64,'Multiple-entry business e-visas are available.','Business E-Visa Support','~$75','Apply for a business e-Visa online with a letter from your company.','Overstaying the duration of stay per entry.','N/A','For business meetings and trade.','* Passport (digital copy)\n* Company Letter','Proof of business purpose.','N/A','3 days','Varies','Business','Up to 1 year'),(48,65,'Sponsored by a Vietnamese educational institution.','Student Visa Application Support','~$135','1. Secure admission.\n2. The school provides sponsorship documents.\n3. Apply at a Vietnamese embassy.','Complex paperwork for sponsorship.','N/A','The DH visa is for students and interns.','* Passport\n* Admission Letter\n* Sponsor Docs','Sponsorship from the institution.','N/A','1-2 weeks','1 year','Education','1 year (DH)'),(48,66,'Temporary Residence Card (TRC) for investors/workers.','TRC Application, Work Permit Help','Varies','1. Obtain a work permit or investment certificate.\n2. Apply for the TRC within Vietnam.','The TRC is tied to your employer/investment.','N/A','A TRC allows long-term residency and is renewable.','* Passport\n* Work Permit/Investment Cert.\n* Company Docs','A valid work permit or investment license.','N/A','1-2 months','Long-term','Immigration','5 years (TRC)'),(48,67,'E-Visa available for 80+ nationalities.','E-Visa Application, Tour Booking','~$25','Apply online through the official Vietnam e-Visa portal.','Entering at a different port than specified on the e-Visa.','Pho, Banh Mi, Goi Cuon (spring rolls).','For tourism and exploring the country.','* Passport Photo (digital)\n* Entry/Exit Dates & Ports','N/A','Cruise Ha Long Bay, explore the Mekong Delta.','3 working days','30 days','Travel','30 days'),(48,68,'Requires a sponsoring company in Vietnam.','Business Visa Invitation, DN Visa Application','~$50','1. Vietnamese partner company obtains an approval letter.\n2. Apply for the visa at an embassy.','The approval letter taking a long time to be issued.','N/A','The DN visa is for working with Vietnamese enterprises.','* Passport\n* Approval Letter','A valid sponsorship/approval letter.','N/A','5-7 days','3 months','Business','3 months'),(49,69,'Not advisable due to current security situation.','Consultation','N/A','N/A','Security situation.','N/A','Educational institutions are not operating normally for foreigners.','* N/A','N/A','N/A','N/A','N/A','Education','N/A'),(49,70,'Not a viable option currently.','Consultation','N/A','N/A','N/A','N/A','Immigration processes are suspended.','* N/A','N/A','N/A','N/A','N/A','Immigration','N/A'),(49,71,'Visas are suspended for most nationalities. Travel is extremely dangerous.','Travel Advisory','Varies','All visa services are effectively suspended.','Ongoing conflict.','Saltah, Mandi.','Tourism is not currently possible.','* N/A','N/A','Visit Socotra Island (if safe).','Weeks','Varies','Travel','Varies'),(49,72,'Extremely difficult to obtain due to conflict.','Consultation','Varies','Requires extensive vetting and high-level approvals.','Extreme security risks.','N/A','Only for essential business related to aid or critical industries.','* Passport\n* Official Invitation\n* Proof of essential travel','A critical and verifiable reason for travel.','N/A','Weeks','Varies','Business','Varies'),(50,73,'Admission to a registered school in Hong Kong.','Student Visa Application Support','~$30','1. Gain admission.\n2. Apply for a student visa through the HK Immigration Department.','Underestimating the high cost of living.','N/A','For pursuing full-time study in Hong Kong.','* Passport\n* Admission Form\n* Sponsor Docs','Proof of financial support without relying on work.','N/A','6 weeks','Course Duration','Education','1 year (renewable)'),(50,74,'Via employment, investment, or dependant visa.','Work Visa Application, Dependant Visa Help','Varies','Apply for a specific visa (e.g., General Employment Policy) based on eligibility.','Not meeting the specific criteria of the chosen visa scheme.','N/A','Hong Kong offers various schemes for professionals to gain residency.','* Passport\n* Job Offer\n* Financial Proof','A confirmed job offer or significant investment.','N/A','4-6 weeks','Long-term','Immigration','7 years to PR'),(50,75,'Visa-free for over 170 nationalities.','Itinerary Planning','Free','Enter with a valid passport if from a visa-free country.','Overstaying the visa-free period.','Dim Sum, Wonton Noodle Soup.','For tourism and visiting the city.','* Passport','Proof of funds may be requested.','Visit Victoria Peak, take the Star Ferry.','Varies','Visa-Free','Travel','14-90 days'),(50,76,'Ideal for finance, tech, and trade professionals.','Work Permit Application, Legal Consultation','~$25','1. Secure a job offer.\n2. Employer sponsors the application to the Immigration Department.','The sponsoring company not meeting requirements.','N/A','A work visa under the General Employment Policy (GEP).','* Passport\n* Job Offer Letter\n* Company Sponsorship Docs','A confirmed job offer for a role that cannot be filled locally.','N/A','4-6 weeks','1 year','Business','1 year'),(41,77,'Requires an invitation from the institution.','Invitation Support, Application Filing','~$75','1. Obtain an invitation.\n2. Apply for a student visa at an embassy.','Bureaucratic delays.','N/A','For students enrolled in Tajik universities.','* Passport\n* Invitation\n* Application Form','Proof of tuition payment.','N/A','1-2 weeks','1 year','Education','1 year'),(41,78,'Work and investment are the main pathways.','Residency Permit Help, Work Permit Assistance','Varies','1. Secure a work permit.\n2. Apply for a long-term visa and then residency.','Complex and slow process.','N/A','Residency is tied to employment or business.','* Passport\n* Work Permit\n* Police Clearance','A valid work permit.','N/A','Months','Long-term','Immigration','Varies'),(41,79,'E-Visa is available and easy to obtain.','E-Visa Application, GBAO Permit Help','~$50','Apply online through the official e-Visa portal.','Not getting the separate GBAO permit for Pamir travel.','Osh (plov), Qurutob.','For tourism, especially for trekking in the Pamir Mountains.','* Passport (digital copy)','N/A','Drive the Pamir Highway, visit Iskanderkul Lake.','Online','60 days','Travel','90 days'),(41,80,'E-Visa can be used for business purposes.','Business E-Visa Support','~$75','Apply for an e-Visa online, selecting \'business\' as the purpose.','Overstaying the e-Visa validity.','N/A','For short-term business trips.','* Passport (digital copy)','N/A','N/A','Online','60 days','Business','90 days'),(42,81,'Admission to a Thai school or university.','ED Visa Application, School Placement','~$80','1. Get admission letter.\n2. Apply for ED visa at a Thai embassy.\n3. Extend the visa in Thailand.','Not extending the visa before it expires.','N/A','Non-Immigrant ED Visa for students.','* Passport\n* Admission Letter\n* School Documents','Proof of funds (approx. $700/month).','N/A','1-2 weeks','1 year','Education','90 days (extendable)'),(42,82,'Options like Elite Visa, LTR, or retirement visas.','Elite Visa Application, LTR Visa Advisory','Varies','Each program (e.g., Elite Visa) has its own application process and requirements.','Choosing the wrong long-term visa for your needs.','N/A','Thailand offers various long-term residency options.','* Passport\n* Financial Proof\n* Medical Certificate','Varies greatly by program (e.g., high net worth for LTR).','N/A','1-2 months','Long-term','Immigration','1 year (renewable)'),(42,83,'Proof of onward travel and accommodation.','E-Visa Application, Itinerary Planning','~$40','Apply for an e-Visa or at an embassy. Visa exemption for many.','Assuming visa exemption without checking.','Pad Thai, Tom Yum Goong, Mango Sticky Rice.','Tourist visa for sightseeing and holidays.','* Passport\n* Flight Tickets\n* Hotel Bookings','Proof of accommodation and onward travel.','Visit Bangkok\'s temples, relax on the beaches of Phuket.','3-5 days','60 days','Travel','60 days'),(42,84,'Non-Immigrant B Visa for work or business.','Work Permit Assistance, B Visa Application','~$80','1. Obtain an invitation and supporting docs.\n2. Apply for Non-B visa.\n3. Apply for work permit in Thailand.','Working on a tourist visa is illegal.','N/A','For working, business meetings, or investment.','* Passport\n* Invitation Letter\n* Company Docs','A valid work permit is required for employment.','N/A','1-2 weeks','1 year','Business','90 days (extendable)'),(43,85,'Must be arranged directly with institutions.','Consultation','Varies','Case-by-case basis, requires local coordination.','Lack of formal programs.','N/A','Limited options for international students.','* Passport\n* Admission Letter','Sponsorship from the institution.','N/A','Varies','Varies','Education','Varies'),(43,86,'Employment or significant investment.','Residency Application Support','Varies','Requires a local sponsor and government approval.','Bureaucratic process.','N/A','Long-term residency is possible but not common.','* Passport\n* Sponsor Letter','A valid reason for long-term stay.','N/A','Months','Long-term','Immigration','Varies'),(43,87,'Visa on Arrival at Dili airport and seaport.','Visa on Arrival Assistance','~$30','Obtain upon arrival by presenting required documents.','Not having sufficient cash (USD) on hand.','Ikan Bakar (grilled fish), Batar Da\'an.','For tourism and visiting the country.','* Passport\n* Return Ticket\n* Proof of Funds','Cash of $100 for entry + $50 per day.','Go diving in Atauro Island, explore Dili.','On Arrival','30 days','Travel','90 days'),(43,88,'Visa on Arrival can be used for business meetings.','Business Visa Consultation','~$40','Obtain upon arrival, state business as purpose.','Engaging in long-term work.','N/A','For short-term business activities.','* Passport\n* Return Ticket','Sufficient funds.','N/A','On Arrival','30 days','Business','90 days'),(44,89,'Requires a student visa from a Turkish consulate.','Consulate Application Prep, Residency Permit Help','Varies','1. Get an acceptance letter.\n2. Apply for a student visa at a Turkish embassy before you travel.','Arriving on a tourist visa and trying to convert it.','N/A','For students enrolled in Turkish universities or language courses.','* Passport\n* Admission Letter\n* Health Insurance','Proof of financial means to support yourself.','N/A','4-8 weeks','1 year','Education','1 year'),(44,90,'Residency via property ownership is a popular option.','Property Investment Advisory, Residency Application','Varies','1. Purchase property or secure a job.\n2. Apply for a short-term residence permit online.','Not having all documents translated and notarized.','N/A','Turkey offers long-term residency permits for property owners, workers, and students.','* Passport\n* Property Deed or Work Contract\n* Health Insurance','A valid reason for stay (property, work, etc.) and health insurance.','N/A','2-3 months','Long-term','Immigration','1 year (renewable)'),(44,91,'E-Visa available for many nationalities.','E-Visa Application, Tour Planning','~$50','Apply online through the official Turkish e-Visa website.','The e-Visa website has many unofficial copycats.','Doner Kebab, Baklava, Turkish Delight.','For tourism and sightseeing.','* Passport','N/A','Explore Istanbul, see the fairy chimneys of Cappadocia.','Online','90 days','Travel','180 days'),(44,92,'For meetings, requires supporting documents.','Business Visa Application, Invitation Vetting','Varies','Apply at a Turkish embassy with an invitation letter.','Assuming an e-Visa is sufficient for all business activities.','N/A','For attending business meetings, conferences, or fairs.','* Passport\n* Invitation Letter\n* Company Documents','A formal invitation from a Turkish company.','N/A','1 week','90 days','Business','180 days'),(45,93,'Extremely difficult, requires government invitation.','Consultation','Varies','Requires an official invitation from a state institution.','Highly restrictive process.','N/A','Not a common destination for international students.','* Official Invitation\n* Passport','Full state sponsorship.','N/A','Months','Varies','Education','Varies'),(45,94,'Not a viable option for most foreign nationals.','Consultation','N/A','N/A','N/A','N/A','Immigration is not a standard process.','* N/A','N/A','N/A','N/A','N/A','Immigration','N/A'),(45,95,'Requires a letter of invitation, usually from a tour agency.','Tour & Invitation Support','~$55','1. Book a tour.\n2. Tour agency applies for your Letter of Invitation (LOI).\n3. Apply for visa with LOI.','Attempting any independent activity.','Plov, Shurpa.','All tourism is strictly controlled and must be done through a state-approved tour.','* Passport\n* Letter of Invitation (LOI)','Full pre-payment of the tour.','Visit the Darvaza Gas Crater (\"Gates of Hell\").','2-3 weeks','10-20 days','Travel','Varies'),(45,96,'Official invitation from a Turkmen company is mandatory.','Invitation Vetting','~$100','1. Partner company secures an official invitation.\n2. Apply at embassy with the invitation.','Delays in receiving the official invitation.','N/A','For business with state-approved enterprises.','* Passport\n* Official Invite','A government-approved invitation.','N/A','2-3 weeks','Varies','Business','Varies'),(47,97,'Requires admission to an Uzbek institution.','Application Support, Post-Arrival Registration','~$60','1. Obtain an admission letter.\n2. Apply for a student visa at an embassy.','Not registering with local authorities (OVIR).','N/A','For students enrolled in universities in Uzbekistan.','* Passport\n* Admission Letter\n* Application Form','Proof of tuition payment.','N/A','1-2 weeks','1 year','Education','1 year'),(47,98,'Work permit or significant investment required.','Residency Permit Help','Varies','1. Secure a work permit via an employer.\n2. Apply for a long-term visa and then residency.','Bureaucratic process for work permits.','N/A','Residency is typically tied to employment.','* Passport\n* Work Permit\n* Health Certificate','A valid work permit.','N/A','Months','Long-term','Immigration','Varies'),(47,99,'E-Visa available for a large number of countries.','E-Visa Application, Tour Planning','~$20','Apply online through the official e-Visa portal.','Not having hotel registration slips for each night of stay.','Plov (national dish), Samsa.','For tourism along the historic Silk Road.','* Passport (digital copy)\n* Photo (digital)','N/A','Explore the ancient cities of Samarkand, Bukhara, and Khiva.','3 days','30 days','Travel','90 days'),(47,100,'Multiple-entry business e-visas are available.','Business E-Visa Support','~$75','Apply for a business e-Visa online with a letter from your company.','Overstaying the duration of stay per entry.','N/A','For business meetings and trade.','* Passport (digital copy)\n* Company Letter','Proof of business purpose.','N/A','3 days','Varies','Business','Up to 1 year'),(48,101,'Sponsored by a Vietnamese educational institution.','Student Visa Application Support','~$135','1. Secure admission.\n2. The school provides sponsorship documents.\n3. Apply at a Vietnamese embassy.','Complex paperwork for sponsorship.','N/A','The DH visa is for students and interns.','* Passport\n* Admission Letter\n* Sponsor Docs','Sponsorship from the institution.','N/A','1-2 weeks','1 year','Education','1 year (DH)'),(48,102,'Temporary Residence Card (TRC) for investors/workers.','TRC Application, Work Permit Help','Varies','1. Obtain a work permit or investment certificate.\n2. Apply for the TRC within Vietnam.','The TRC is tied to your employer/investment.','N/A','A TRC allows long-term residency and is renewable.','* Passport\n* Work Permit/Investment Cert.\n* Company Docs','A valid work permit or investment license.','N/A','1-2 months','Long-term','Immigration','5 years (TRC)'),(48,103,'E-Visa available for 80+ nationalities.','E-Visa Application, Tour Booking','~$25','Apply online through the official Vietnam e-Visa portal.','Entering at a different port than specified on the e-Visa.','Pho, Banh Mi, Goi Cuon (spring rolls).','For tourism and exploring the country.','* Passport Photo (digital)\n* Entry/Exit Dates & Ports','N/A','Cruise Ha Long Bay, explore the Mekong Delta.','3 working days','30 days','Travel','30 days'),(48,104,'Requires a sponsoring company in Vietnam.','Business Visa Invitation, DN Visa Application','~$50','1. Vietnamese partner company obtains an approval letter.\n2. Apply for the visa at an embassy.','The approval letter taking a long time to be issued.','N/A','The DN visa is for working with Vietnamese enterprises.','* Passport\n* Approval Letter','A valid sponsorship/approval letter.','N/A','5-7 days','3 months','Business','3 months'),(49,105,'Not advisable due to current security situation.','Consultation','N/A','N/A','Security situation.','N/A','Educational institutions are not operating normally for foreigners.','* N/A','N/A','N/A','N/A','N/A','Education','N/A'),(49,106,'Not a viable option currently.','Consultation','N/A','N/A','N/A','N/A','Immigration processes are suspended.','* N/A','N/A','N/A','N/A','N/A','Immigration','N/A'),(49,107,'Visas are suspended for most nationalities. Travel is extremely dangerous.','Travel Advisory','Varies','All visa services are effectively suspended.','Ongoing conflict.','Saltah, Mandi.','Tourism is not currently possible.','* N/A','N/A','Visit Socotra Island (if safe).','Weeks','Varies','Travel','Varies'),(49,108,'Extremely difficult to obtain due to conflict.','Consultation','Varies','Requires extensive vetting and high-level approvals.','Extreme security risks.','N/A','Only for essential business related to aid or critical industries.','* Passport\n* Official Invitation\n* Proof of essential travel','A critical and verifiable reason for travel.','N/A','Weeks','Varies','Business','Varies'),(50,109,'Admission to a registered school in Hong Kong.','Student Visa Application Support','~$30','1. Gain admission.\n2. Apply for a student visa through the HK Immigration Department.','Underestimating the high cost of living.','N/A','For pursuing full-time study in Hong Kong.','* Passport\n* Admission Form\n* Sponsor Docs','Proof of financial support without relying on work.','N/A','6 weeks','Course Duration','Education','1 year (renewable)'),(50,110,'Via employment, investment, or dependant visa.','Work Visa Application, Dependant Visa Help','Varies','Apply for a specific visa (e.g., General Employment Policy) based on eligibility.','Not meeting the specific criteria of the chosen visa scheme.','N/A','Hong Kong offers various schemes for professionals to gain residency.','* Passport\n* Job Offer\n* Financial Proof','A confirmed job offer or significant investment.','N/A','4-6 weeks','Long-term','Immigration','7 years to PR'),(50,111,'Visa-free for over 170 nationalities.','Itinerary Planning','Free','Enter with a valid passport if from a visa-free country.','Overstaying the visa-free period.','Dim Sum, Wonton Noodle Soup.','For tourism and visiting the city.','* Passport','Proof of funds may be requested.','Visit Victoria Peak, take the Star Ferry.','Varies','Visa-Free','Travel','14-90 days'),(50,112,'Ideal for finance, tech, and trade professionals.','Work Permit Application, Legal Consultation','~$25','1. Secure a job offer.\n2. Employer sponsors the application to the Immigration Department.','The sponsoring company not meeting requirements.','N/A','A work visa under the General Employment Policy (GEP).','* Passport\n* Job Offer Letter\n* Company Sponsorship Docs','A confirmed job offer for a role that cannot be filled locally.','N/A','4-6 weeks','1 year','Business','1 year'),(11,113,'Admission to a Georgian university.','Application Support, Residency Permit Help','~$50','1. Arrive in Georgia (visa-free for many).\n2. Apply for a D3 category visa and then a residence permit.','Failing to apply for residency within the allowed timeframe.','Khachapuri (cheese bread), Khinkali (dumplings).','For students enrolled in long-term academic programs.','* Passport\n* Admission Letter\n* Proof of Accommodation','Sufficient funds for tuition and living expenses.','Explore Tbilisi, visit the cave city of Vardzia.','2-4 weeks','1 year','Education','1 year'),(11,114,'Work, study, or family reunification.','Residency Permit Help, Investment Advisory','Varies','1. Enter Georgia.\n2. Register a business or secure employment.\n3. Apply for a residence permit at the Public Service Hall.','Incorrectly filed paperwork for the residence permit.','N/A','Georgia offers residency permits based on employment, investment, or starting a business.','* Passport\n* Proof of Purpose (e.g., work contract)\n* Bank Statement','Proof of stable income or sufficient savings.','N/A','1-3 months','Long-term','Immigration','1 year (renewable)'),(11,115,'Visa-free for many nationalities for up to a full year.','Itinerary Planning, Local Tours','Free','Citizens of 90+ countries can enter without a visa.','Not checking the latest entry requirements.','Churchkhela (candy), Mtsvadi (shish kebab).','For tourism and visiting family or friends.','* Valid Passport','N/A for visa-free entry.','Hike in the Caucasus Mountains, explore Batumi on the Black Sea.','Visa-Free','Up to 1 year','Travel','1 year'),(11,116,'For short-term business activities.','Business Visa Application','~$20','1. Check if visa-free.\n2. If not, apply for a C1 category visa online or at an embassy.','Assuming visa-free entry without checking nationality requirements.','N/A','For attending meetings, conferences, or exploring business opportunities.','* Passport\n* Company Letter\n* Proof of Business Purpose','Letter from employer stating the purpose of the visit.','N/A','5 days','90 days','Business','180 days'),(12,117,'Admission to a recognized Indian institution.','Student Visa Application, Bonafide Certificate Help','~$80','1. Secure admission.\n2. Apply online for a Student (S-1) Visa.\n3. Attend a biometrics appointment if required.','Applying for the wrong sub-category of student visa.','N/A','For bona fide students to pursue regular full-time courses in India.','* Passport\n* Admission Letter\n* Proof of Funds','Proof of financial support for the duration of the course.','N/A','3-5 days','Course Duration','Education','Up to 5 years'),(12,118,'Overseas Citizen of India (OCI) for people of Indian origin.','OCI Application, Document Vetting','~$275','1. Prove Indian ancestry.\n2. Complete the extensive online application.\n3. Submit documents at an Indian mission.','Incomplete proof of lineage.','N/A','OCI card is a form of permanent residency for individuals of Indian origin.','* Passport\n* Proof of Indian Origin\n* Current Citizenship Proof','N/A','N/A','2-3 months','Permanent','Immigration','Lifelong (OCI)'),(12,119,'E-Tourist Visa available for most nationalities.','E-Visa Application, Itinerary Advice','~$25','Apply online through the official e-Visa portal at least 4 days before arrival.','Uploading a non-compliant photograph.','Biryani, Masala Dosa, Butter Chicken.','For recreation, sightseeing, or casual visits to meet friends and relatives.','* Passport\n* Recent Photo\n* Return Ticket','Sufficient funds for stay.','Golden Triangle (Delhi, Agra, Jaipur), explore Kerala backwaters.','1-3 days','Varies','Travel','30 days to 5 years'),(12,120,'For attending meetings, sales, or setting up ventures.','E-Business Visa Application, Invitation Letter Help','~$100','Apply online for an e-Business visa with supporting documents.','Lack of a proper invitation letter.','N/A','For engaging in short-term business activities in India.','* Passport\n* Business Card\n* Invitation Letter from Indian company','Proof of business legitimacy.','N/A','3-5 days','180 days per visit','Business','1 year (multi-entry)'),(13,121,'Study permit from an Indonesian institution.','Student KITAS Application','~$150','1. School applies for a study permit.\n2. Apply for a VITAS visa at an Indonesian embassy.\n3. Convert VITAS to KITAS upon arrival.','Not converting the VITAS to a KITAS in time.','N/A','A student KITAS (temporary residency permit) is required for long-term study.','* Passport\n* Admission Letter\n* Sponsor Docs','Sponsorship from the educational institution.','N/A','2-3 months','1 year','Education','1 year (KITAS)'),(13,122,'Long-term residency (KITAS) is a prerequisite.','KITAP Application Advisory','Varies','Requires multiple years of temporary residency and a local sponsor.','Losing sponsorship during the process.','N/A','KITAP (permanent residency) is available after holding a KITAS for several years.','* Passport\n* KITAS\n* Sponsor Letter','Proof of stable financial situation and sponsorship.','N/A','Varies','Permanent','Immigration','5 years (KITAP)'),(13,123,'Available for many nationalities at major airports.','Visa on Arrival Assistance, Extension Help','~$35','Purchase the VoA sticker at the designated counter upon arrival at the airport.','Attempting to work on a tourist visa.','Nasi Goreng, Satay, Rendang.','Visa on Arrival (VoA) for tourism purposes.','* Passport\n* Return Ticket\n* Proof of Accommodation','Sufficient funds for your stay.','Explore Bali, visit Borobudur Temple, see Komodo dragons.','On Arrival','30 days (extendable)','Travel','30 days'),(13,124,'For meetings and seminars, not for employment.','B211A Business Visa Application','~$50','Apply online through an agent or at an embassy with a sponsor letter.','Engaging in employment activities.','N/A','The B211A visa is for short-term business activities.','* Passport\n* Sponsor Letter\n* Bank Statement','Sponsorship from an Indonesian entity.','N/A','5-7 days','60 days','Business','60 days'),(14,125,'Requires approval from the Ministry of Foreign Affairs.','Approval Coordination','Varies','1. Get admission.\n2. University requests approval.\n3. Apply at embassy with approval code.','Delays in getting the approval code.','N/A','For students admitted to Iranian universities.','* Passport\n* Admission Letter\n* Approval Code','Proof of tuition payment and funds.','N/A','4-8 weeks','1 year','Education','1 year'),(14,126,'Complex process, often requires specific skills or investment.','Consultation','Varies','Requires extensive paperwork and government approvals.','Political and diplomatic complexities.','N/A','Long-term residency is difficult and evaluated case-by-case.','* Extensive personal and professional documentation.','Significant financial investment may be needed.','N/A','Months','Long-term','Immigration','Varies'),(14,127,'Visa required in advance for most nationalities.','Visa Application Support','~$90','1. Get a Visa Grant Notice from a tour operator.\n2. Apply at embassy with the notice.','Attempting independent travel without proper authorization.','Chelow Kebab, Ghormeh Sabzi.','For tourism, must have a confirmed itinerary.','* Passport\n* Itinerary\n* Visa Grant Notice','Pre-payment for the tour package.','Visit Persepolis, explore Isfahan\'s squares.','1-2 weeks','30 days','Travel','3 months'),(14,128,'Invitation from an Iranian company is necessary.','Invitation Vetting','~$120','1. Sponsoring company obtains an invitation code.\n2. Apply at embassy with the code.','Issues with the invitation code.','N/A','For business meetings and trade.','* Passport\n* Invitation Code\n* Company Letter','A valid and registered sponsoring company.','N/A','1-2 weeks','30 days','Business','3 months'),(15,129,'Requires extensive security and background checks.','Consultation','Varies','1. Gain admission.\n2. Undergo security screening.\n3. Apply at embassy.','Failing security checks.','N/A','For study at Iraqi institutions, a lengthy approval process is required.','* Passport\n* Admission Letter\n* Security Clearance','Proof of financial stability.','N/A','Months','1 year','Education','1 year'),(15,130,'Very difficult, usually for specific employment with government-approved companies.','Consultation','Varies','Requires a local sponsor and multiple government ministry approvals.','Sponsorship issues.','N/A','Long-term residency is rare for foreign nationals.','* Passport\n* Work Contract\n* Sponsor Documents','Guaranteed employment with a major company.','N/A','Months','Long-term','Immigration','Varies'),(15,131,'Visa must be obtained in advance from an embassy. Travel is highly discouraged.','Embassy Application Support','~$80','1. Book a tour with a licensed operator.\n2. The operator applies for approval.\n3. Apply at embassy.','Security situation and travel advisories.','Masgouf (grilled fish), Dolma.','Tourist visas are very limited and require a licensed tour company.','* Passport\n* Sponsor/Tour Letter\n* Detailed Itinerary','Full pre-payment of the tour.','Visit the ancient city of Babylon, see the Iraqi Museum.','4-6 weeks','15 days','Travel','1 month'),(15,132,'Requires a sponsor and government approvals.','Sponsorship Assistance','~$100','1. Obtain an invitation from an Iraqi sponsor.\n2. Apply at an Iraqi embassy.','Delays in obtaining government approvals.','N/A','For business with registered Iraqi companies.','* Passport\n* Sponsor Docs\n* Company Registration','A credible and registered Iraqi sponsor.','N/A','4-6 weeks','30 days','Business','3 months'),(16,133,'A/2 Student Visa for university programs.','Student Visa Application','~$50','Apply at an Israeli consulate with an acceptance letter.','Insufficient financial documentation.','N/A','For students enrolled in academic institutions in Israel.','* Passport\n* Admission Letter\n* Financial Proof','Proof of ability to pay tuition and living costs.','N/A','2-4 weeks','1 year','Education','1 year'),(16,134,'Primarily through the Law of Return for Jewish individuals.','Aliyah Application Guidance','Varies','Contact the Jewish Agency for Israel for eligibility and application.','Lack of required genealogical proof.','N/A','The \"Aliyah\" process for individuals of Jewish descent to immigrate.','* Proof of Jewish Heritage\n* Personal Documents','N/A','N/A','Varies','Permanent','Immigration','Varies'),(16,135,'Visa-free for many Western countries.','Tour Planning','Free','Citizens of many countries can enter visa-free. Others must apply at a consulate.','Previous travel to certain countries can lead to extra questioning.','Falafel, Shakshuka, Hummus.','B/2 Visitor\'s visa for tourism.','* Passport\n* Return Ticket\n* Hotel Booking','Proof of sufficient funds for the visit.','Explore Jerusalem\'s Old City, float in the Dead Sea.','Visa-Free','90 days','Travel','90 days'),(16,136,'B/1 Work Visa for skilled workers with a permit.','Work Permit Assistance','~$25','1. Employer obtains a work permit.\n2. Apply for B/1 visa at the consulate.','Employer failing to secure the work permit.','N/A','For foreign nationals with specific skills approved by the government.','* Passport\n* Employment Contract\n* Approved Work Permit','A valid work permit secured by the employer.','N/A','1-2 weeks','90 days','Business','1 year'),(18,137,'Requires residency permit after arrival.','Residency Permit Help','Varies','1. Obtain entry visa (if needed).\n2. Register at a university.\n3. Apply for student residency permit.','Delay in applying for the residency permit.','N/A','Students enter on a regular visa and then apply for residency.','* Passport\n* University Letter\n* Health Certificate','Proof of enrollment and financial support.','N/A','2-3 weeks','1 year','Education','1 year'),(18,138,'Investment and employment are primary routes.','Investment Visa Advisory','Varies','1. Secure investment or employment.\n2. Apply for residency through the relevant ministry.','Complex bureaucracy for residency permits.','N/A','Long-term residency for investors or sponsored employees.','* Passport\n* Investment Plan or Work Contract','Significant investment or a valid work contract.','N/A','2-4 months','Long-term','Immigration','Varies'),(18,139,'Visa on Arrival available at airports for most nationalities.','Jordan Pass Assistance','~$60','Purchase visa upon arrival at the airport or land border.','Not having the exact cash amount for the visa on arrival.','Mansaf (national dish), Falafel.','For tourism and sightseeing.','* Passport','Sufficient funds for stay.','Visit the ancient city of Petra, explore Wadi Rum desert.','On Arrival','30 days','Travel','2 months'),(18,140,'Requires a letter from the sponsoring company.','Business Visa Application','~$90','Apply at a Jordanian embassy with a company letter.','Not obtaining the visa in advance if required.','N/A','For short-term business meetings and conferences.','* Passport\n* Company Letter\n* Proof of Business','A clear letter stating the purpose of the visit.','N/A','1 week','30 days','Business','6 months'),(19,141,'Letter of invitation from the university.','Invitation Support','~$60','1. University provides an invitation letter.\n2. Apply for the student visa at an embassy.','Delays in receiving the official invitation.','N/A','For students enrolled in Kazakhstani institutions.','* Passport\n* Invitation Letter\n* Application Form','Proof of tuition payment.','N/A','5-7 days','1 year','Education','1 year'),(19,142,'Work permit and investment are common paths.','Work Permit Application','Varies','1. Secure a work permit through an employer.\n2. Apply for a long-term visa and then residency.','Complex work permit quota system.','N/A','Residency permits are tied to employment or investment.','* Passport\n* Work Contract\n* Police Clearance','A valid work permit.','N/A','Months','Long-term','Immigration','Varies'),(19,143,'Visa-free for many countries for short stays.','Itinerary Planning','Free','Check visa-free eligibility. If not eligible, apply for a tourist visa.','Not registering with authorities if stay exceeds 5 days.','Beshbarmak, Kazy.','For tourism and visiting the country.','* Passport','N/A for visa-free entry.','Visit Almaty, see the Charyn Canyon.','Visa-Free','Up to 30 days','Travel','30 days'),(19,144,'Invitation from a Kazakhstani company required.','Invitation Vetting','~$80','1. Partner company arranges an invitation.\n2. Apply at the embassy.','Issues with the invitation letter registration.','N/A','For business negotiations, conferences, and forums.','* Passport\n* Invitation Letter\n* Company Letter','An official invitation registered with the Ministry.','N/A','5-7 days','30 days','Business','90 days'),(20,145,'Must be sponsored by a Kuwaiti educational institution.','Sponsorship Coordination','Varies','1. School obtains a student visa permit.\n2. Student uses permit to enter.\n3. Complete residency process in Kuwait.','Delays in the sponsorship process.','N/A','For students with confirmed admission to a school in Kuwait.','* Passport\n* Sponsor Docs\n* Medical Certificate','Sponsorship from the school.','N/A','4-6 weeks','1 year','Education','1 year'),(20,146,'Strictly tied to employment sponsorship.','Work Visa Assistance','Varies','1. Employer secures a work permit.\n2. Employee enters on an entry visa.\n3. Convert to residency permit.','Job offer being rescinded.','N/A','Residency is almost exclusively granted through employment.','* Passport\n* Employment Contract\n* Medical Certificate','A valid work permit from a Kuwaiti company.','N/A','Months','Long-term','Immigration','Varies'),(20,147,'E-Visa available for many nationalities.','E-Visa Application','~$10','Apply online through the official e-Visa portal before travel.','Not meeting the specific e-Visa eligibility criteria.','Machboos (spiced rice and meat), Mutabbaq Samak (fish dish).','For tourism purposes.','* Passport\n* GCC Residency (if applicable)','Some nationalities require a GCC residency permit.','Visit the Kuwait Towers, explore the Grand Mosque.','Online','30 days','Travel','30 days'),(20,148,'Requires a Kuwaiti sponsor.','Sponsor Arrangement','~$35','1. Kuwaiti sponsor obtains an entry permit.\n2. Visitor uses a copy to enter.','Sponsor-related delays.','N/A','For short-term business meetings.','* Passport\n* Sponsor Letter/Permit','A valid sponsor in Kuwait.','N/A','1-2 weeks','30 days','Business','30 days'),(21,149,'Requires an official invitation from the university.','Invitation Support, Application Filing','~$50','1. Obtain invitation letter.\n2. Apply at the nearest embassy.\n3. Register with local authorities upon arrival.','Failure to register with the State Registration Service.','Beshbarmak, Laghman.','For students enrolled in universities in Kyrgyzstan.','* Passport\n* Invitation Letter\n* Application Form','Proof of tuition payment and sufficient funds.','N/A','1-2 weeks','1 year','Education','1 year'),(21,150,'Work permit or investment are the main routes.','Work Permit Assistance, Residency Application','Varies','1. Secure a work permit through an employer.\n2. Apply for a long-term visa.\n3. Apply for a residence permit in Kyrgyzstan.','Complex and bureaucratic work permit process.','N/A','Residency is primarily tied to employment or business ownership.','* Passport\n* Employment Contract\n* Police Clearance Certificate','A valid work permit and employment contract.','N/A','2-4 months','Long-term','Immigration','1 year (renewable)'),(21,151,'Visa-free regime for over 60 countries.','Itinerary Planning for Silk Road','Free','Citizens of eligible countries can enter with a valid passport.','Not being aware of the specific duration of visa-free stay.','Shorpo, Plov.','For tourism and exploring the country\'s natural beauty.','* Valid Passport','N/A for visa-free entry.','Hike around Issyk-Kul Lake, explore the Ala Archa National Park.','Visa-Free','Up to 60 days','Travel','60 days'),(21,152,'For non-visa-free nationals, an invitation is needed.','Business Invitation Vetting','~$80','1. Secure an invitation from a Kyrgyz company.\n2. Apply at the embassy.','Assuming visa-free entry applies to business activities.','N/A','For short-term business meetings, negotiations, or conferences.','* Passport\n* Invitation Letter\n* Company Letter','A formal invitation from a registered Kyrgyz entity.','N/A','1-2 weeks','Up to 90 days','Business','90 days'),(22,153,'Must be arranged through a Laotian institution.','Application Coordination','Varies','1. Gain admission.\n2. The institution assists with the visa application process.','Limited availability of programs for foreign students.','N/A','For students participating in educational programs in Laos.','* Passport\n* School Letter\n* Application Form','Sponsorship from the educational institution.','N/A','4-6 weeks','1 year','Education','1 year'),(22,154,'Limited options, usually tied to specific employment or investment.','Work Visa Consultation','Varies','Requires special permits and high-level government approval.','Lack of a clear immigration framework.','N/A','Long-term residency is difficult to obtain and is not common.','* Extensive personal and business documentation.','Significant investment or specialized skills.','N/A','Months','Long-term','Immigration','Varies'),(22,155,'E-Visa and Visa on Arrival available for most tourists.','E-Visa Application','~$40','Apply for an e-Visa online before your trip or get a visa on arrival at major airports/borders.','Visa on Arrival not being available at all land borders.','Laap (minced meat salad), Sticky Rice.','For tourism purposes to explore Laos.','* Passport\n* Photo\n* Visa Fee in USD','Sufficient funds for your stay.','Explore Luang Prabang, visit Kuang Si Falls.','On Arrival/Online','30 days','Travel','60 days'),(22,156,'Requires a sponsor company in Laos.','Sponsorship Assistance','~$50','1. Obtain a sponsor letter.\n2. Apply at a Laotian embassy.','Attempting to work on a tourist visa.','N/A','For business meetings and exploring investment opportunities.','* Passport\n* Sponsor Letter\n* Company Documents','A valid sponsor registered in Laos.','N/A','1 week','30 days','Business','30 days'),(23,157,'Requires prior approval from General Security.','Security Approval Help','Varies','1. Secure admission.\n2. University applies for pre-approval.\n3. Apply at embassy with approval.','Significant delays in obtaining security approval.','N/A','For students enrolled in Lebanese universities.','* Passport\n* Approval Docs\n* Admission Letter','Proof of tuition payment and living expenses.','N/A','4-8 weeks','1 year','Education','1 year'),(23,158,'Complex process, often requires significant investment or Lebanese ancestry.','Investment Visa Advisory','Varies','Requires a local sponsor and a lengthy application process.','Complex and often changing regulations.','N/A','Residency is difficult to obtain without family or business ties.','* Passport\n* Sponsor Documents\n* Financial Proof','A valid sponsor or proof of significant investment.','N/A','Months','Long-term','Immigration','Varies'),(23,159,'Conditional Visa on Arrival for many nationalities.','VOA Checklist Prep','Free/~$20','Check eligibility for visa on arrival. If not eligible, apply at an embassy.','Not meeting the specific conditions for visa on arrival.','Tabbouleh, Hummus, Kibbeh.','For tourism and visiting family.','* Passport\n* Hotel Booking\n* Return Ticket','No specific amount, but may be asked for proof of funds.','Explore Beirut, visit the Jeita Grotto.','On Arrival','30 days','Travel','30 days'),(23,160,'Must be obtained from a Lebanese embassy in advance.','Embassy Application Support','~$50','Apply at a Lebanese embassy with a letter from your company.','Assuming visa on arrival is available for business.','N/A','For business meetings and commercial activities.','* Passport\n* Company Letter\n* Invitation (if any)','A clear statement of business purpose.','N/A','1-2 weeks','30 days','Business','3 months'),(24,161,'Requires a Visa Approval Letter (VAL).','EMGS Application, VAL Assistance','~$25','1. Apply to school.\n2. School applies for VAL via EMGS.\n3. Apply for single-entry visa with VAL.','Delays in the EMGS processing system.','N/A','For international students enrolled in Malaysian institutions.','* Passport\n* Offer Letter\n* VAL','Proof of funds for course fees and living costs.','N/A','4-6 weeks','Course Duration','Education','1 year (renewable)'),(24,162,'Malaysia My Second Home (MM2H) for eligible foreigners.','MM2H Application, Financial Vetting','Varies','1. Meet financial requirements.\n2. Submit application with all documents.\n3. Upon approval, make fixed deposit.','Not meeting the strict financial requirements.','N/A','A long-term visa program for foreigners who meet certain financial criteria.','* Passport\n* Financial Proof (bank statements, income proof)\n* Medical Report','Significant liquid assets and offshore income.','N/A','3-6 months','Long-term','Immigration','10 years (MM2H)'),(24,163,'Visa-free entry for many nationalities.','Itinerary Planning, Local Guide Booking','Free','Enter with a valid passport if from a visa-exempt country.','Overstaying the visa-free period.','Nasi Lemak, Laksa.','For tourism and social visits.','* Passport with 6-month validity\n* Return Ticket','Sufficient funds for stay.','Visit Kuala Lumpur, explore the rainforests of Borneo.','Visa-Free','Up to 90 days','Travel','90 days'),(24,164,'For business meetings and conferences.','Multiple Entry Visa Application','~$50','Apply at a Malaysian embassy with supporting documents.','Engaging in paid work on a business visa.','N/A','A multiple-entry visa for frequent business travelers.','* Passport\n* Invitation Letter\n* Company Letter','Proof of frequent business travel need.','N/A','1-2 weeks','30 days per entry','Business','6 months'),(25,165,'Requires a sponsor and special permits.','Consultation','Varies','Requires a local sponsor (school) to handle the permit process.','Limited options and information.','N/A','Not a common destination for international students.','* Passport\n* Sponsor Docs\n* Admission Letter','Full sponsorship from the institution.','N/A','Months','1 year','Education','1 year'),(25,166,'Strictly controlled and usually employment-based.','Work Permit Assistance','Varies','1. Secure a job.\n2. Employer applies for a work permit.\n3. Enter and complete formalities.','Lack of a sponsoring employer.','N/A','Residency is tied to a work permit sponsored by a Maldivian employer.','* Passport\n* Employment Contract\n* Medical Check','A valid job offer and work permit.','N/A','Months','Long-term','Immigration','Varies'),(25,167,'Free 30-day tourist visa on arrival for all nationalities.','Resort Booking Assistance','Free','Fill out a landing card upon arrival.','Not having a confirmed hotel booking for the entire stay.','Garudhiya (fish soup), Mas Huni (tuna salad).','For tourism purposes.','* Passport\n* Confirmed Hotel Booking\n* Return Ticket','Proof of sufficient funds (e.g., $100/day).','Stay in an overwater bungalow, go scuba diving.','On Arrival','30 days','Travel','30 days'),(25,168,'Business visa required for any work-related activities.','Business Visa Application','Varies','Requires a local sponsor to apply on your behalf.','Attempting to conduct business on a tourist visa.','N/A','For any activity other than tourism, a business visa must be obtained in advance.','* Passport\n* Sponsor Letter\n* Company Profile','A valid Maldivian sponsor.','N/A','2-4 weeks','Varies','Business','Varies'),(26,169,'Requires registration with immigration after arrival.','Post-Arrival Registration Help','~$50','1. Obtain a student visa from an embassy.\n2. Register with the immigration agency within 7 days of arrival.','Failure to register with immigration after arrival.','N/A','For students enrolled in Mongolian universities.','* Passport\n* Admission Letter\n* Application Form','Proof of tuition payment.','N/A','1-2 weeks','1 year','Education','1 year'),(26,170,'Work or investment are the primary pathways.','Residency Permit Application','Varies','1. Secure a work permit or register a company.\n2. Apply for a long-term visa and then a residence permit.','Complex and slow bureaucratic process.','N/A','Residency permits are issued based on employment or business ownership.','* Passport\n* Work Contract or Company Docs','A valid work permit or registered business.','N/A','2-3 months','Long-term','Immigration','1 year (renewable)'),(26,171,'E-Visa available for many nationalities.','E-Visa Application','~$40','Apply for an e-Visa online or at a Mongolian embassy.','Not being prepared for the vast distances and basic infrastructure.','Buuz (dumplings), Khorkhog (mutton barbecue).','For tourism and exploring the country.','* Passport\n* Itinerary\n* Hotel Booking','Sufficient funds for your trip.','Visit the Gobi Desert, stay in a traditional Ger.','3-5 days','30 days','Travel','90 days'),(26,172,'Invitation from a Mongolian entity is required.','Invitation Support','~$60','Apply at an embassy with an official invitation.','Invitation letter lacking official approval.','N/A','For business meetings and negotiations.','* Passport\n* Invitation Letter\n* Company Letter','An official invitation approved by the immigration agency.','N/A','3-5 days','30 days','Business','90 days'),(27,173,'Case-by-case basis, requires special permission.','Consultation','Varies','Must be facilitated by a sponsoring institution and approved by ministries.','Unpredictable approval process.','N/A','Not a common pathway; requires government approvals.','* Extensive documentation','Full financial sponsorship.','N/A','4-6 weeks','Varies','Education','Varies'),(27,174,'Very limited and difficult to obtain.','Consultation','Varies','Requires high-level government connections and approvals.','Lack of a clear legal framework.','N/A','Long-term residency for foreigners is extremely rare.','* Extensive documentation','Significant investment.','N/A','Months','Long-term','Immigration','Varies'),(27,175,'E-Visa for tourism is the most common method.','E-Visa Application','~$50','Apply online through the official e-Visa website.','Travel restrictions to certain regions.','Tea Leaf Salad, Mohinga (fish noodle soup).','For tourism purposes in designated areas.','* Passport\n* Photo (digital)\n* Hotel Booking','Sufficient funds for your stay.','See the temples of Bagan, visit Inle Lake.','3 days','28 days','Travel','90 days'),(27,176,'E-Visa for business requires company details.','Business E-Visa Support','~$70','Apply for a business e-Visa online with a letter of invitation.','Applying for the wrong type of e-Visa.','N/A','For attending meetings and exploring business opportunities.','* Passport\n* Company Invitation\n* Company Registration','An invitation from a registered company in Myanmar.','N/A','3 days','70 days','Business','90 days'),(28,177,'Recommendation from the Ministry of Education.','Ministry Liaison Service','Varies','1. Obtain a recommendation letter from the Ministry.\n2. Apply for a student visa at the Department of Immigration.','Bureaucratic hurdles in getting the ministry recommendation.','N/A','For students enrolled in academic institutions in Nepal.','* Passport\n* Recommendation Letter\n* Admission Letter','Proof of funds to cover costs.','N/A','2-4 weeks','1 year','Education','1 year'),(28,178,'Difficult, usually for investors or individuals of Nepali origin.','Investment Visa Advisory','Varies','Requires a strong case and application through the Department of Immigration.','Lack of a standardized process.','N/A','Residency is typically granted for significant investment or on a case-by-case basis.','* Passport\n* Investment Plan or Proof of Origin','Significant investment or strong ties to Nepal.','N/A','Months','Long-term','Immigration','Varies'),(28,179,'Visa on Arrival available at Kathmandu airport.','Trekking Permit Assistance','~$30','Fill out the form and pay the fee at the airport upon arrival.','Not having cash (USD is best) for the visa fee.','Dal Bhat, Momos (dumplings).','For tourism, trekking, and mountaineering.','* Passport\n* Photo\n* Cash for visa fee','Sufficient funds for your trip.','Trek to Everest Base Camp, explore Kathmandu\'s temples.','On Arrival','15-90 days','Travel','6 months'),(28,180,'Requires recommendation from the Ministry of Industry.','Business Visa Application','Varies','1. Get a recommendation from the relevant ministry.\n2. Apply at the Department of Immigration.','Delays in obtaining the ministry recommendation.','N/A','For investors and business representatives.','* Passport\n* Ministry Letter\n* Company Documents','Proof of investment or business activity.','N/A','1-2 weeks','1-5 years','Business','5 years (multi-entry)'),(29,181,'Not generally available.','Consultation','N/A','Handled entirely through state channels.','N/A','N/A','Extremely limited and only through state-approved exchange programs.','* N/A','N/A','N/A','N/A','N/A','Education','N/A'),(29,182,'Not possible for foreigners.','Consultation','N/A','N/A','N/A','N/A','There is no immigration program for foreign nationals.','* N/A','N/A','N/A','N/A','N/A','Immigration','N/A'),(29,183,'Must be part of a pre-approved guided tour.','Authorized Tour Booking','Varies','1. Book a tour with an authorized agency.\n2. The agency handles the entire visa process.','Attempting any form of independent travel.','Cold Noodles (Naengmyeon), Pyongyang Onban.','Tourism is highly controlled and only possible through authorized tour operators.','* Passport\n* Tour Application Form','Full pre-payment of the tour.','Visit Pyongyang, see the Mass Games.','4-6 weeks','Tour Duration','Travel','Tour Duration'),(29,184,'Requires official government invitation.','Special Invitation Help','Varies','Must be facilitated by a government ministry or state-owned enterprise.','Lack of an official invitation.','N/A','For individuals or companies with official state business.','* Passport\n* Official Invite\n* Detailed Business Proposal','A sanctioned and approved business purpose.','N/A','Months','Varies','Business','Varies'),(30,185,'Sponsored by a licensed educational institution.','Sponsorship Coordination','Varies','1. School applies for a visa on your behalf.\n2. Enter with the permit and complete residency.','Delays in the sponsorship process.','N/A','For students with confirmed admission to an Omani school.','* Passport\n* Sponsor Docs\n* Medical Check','Full sponsorship by the institution.','N/A','2-4 weeks','1 year','Education','1 year'),(30,186,'Requires a local sponsor (usually an employer).','Work Visa Sponsorship','Varies','1. Secure a job.\n2. Employer obtains a labor permit and visa.\n3. Enter and get a residence card.','Not having educational certificates properly attested.','N/A','Residency is tied to employment and a local Omani sponsor.','* Passport\n* Labor Permit\n* Attested Qualifications','A valid work permit sponsored by an Omani entity.','N/A','1-3 months','Long-term','Immigration','2 years (renewable)'),(30,187,'E-Visa required for most nationalities.','E-Visa Application','~$52','Apply online through the Royal Oman Police e-Visa website.','Not applying for the e-Visa far enough in advance.','Shuwa (slow-cooked lamb), Majboos (spiced rice).','For tourism and visiting the Sultanate.','* Passport (digital copy)\n* Photo (digital)','Sufficient funds for your stay.','Explore Muscat, visit the Wahiba Sands desert.','1-4 days','30 days','Travel','30 days'),(30,188,'Requires a commercial sponsor in Oman.','Sponsor Arrangement','~$130','Apply for a multiple-entry e-Visa with a letter from your sponsor.','Choosing the wrong type of e-Visa for business.','N/A','For frequent business visitors.','* Passport\n* Sponsor Letter\n* Company Registration','A credible Omani sponsor.','N/A','1-4 days','6 months','Business','6 months (multi-entry)'),(31,189,'Admission from a registered Pakistani institution.','Student Visa Application, Document Verification','~$40','1. Secure admission.\n2. Apply for a student visa online or at an embassy.','Delays in getting the No Objection Certificate (NOC).','N/A','For students enrolled in full-time academic programs in Pakistan.','* Passport\n* Admission Letter\n* NOC from home country','Proof of funds to cover tuition and living costs.','N/A','4-6 weeks','1 year','Education','1 year'),(31,190,'Work, investment, or family-based options available.','Residency Permit Guidance, Investment Advisory','Varies','Requires a local sponsor or significant investment and a lengthy approval process.','Complex documentation and security checks.','N/A','Pakistan offers long-term residency for investors, skilled workers, and those with family ties.','* Passport\n* Sponsor Documents\n* Police Clearance','Proof of investment or a valid employment contract.','N/A','Months','Long-term','Immigration','Varies'),(31,191,'Online visa system available for many nationalities.','Online Visa Application, LOI Assistance','~$60','Apply through the official Pakistan Online Visa System.','Not having a Letter of Invitation (LOI) from a tour operator.','Biryani, Nihari, Sajji.','For tourism and visiting historical and natural sites.','* Passport\n* Photo\n* Hotel Booking\n* Letter of Invitation (LOI)','Sufficient funds for the trip.','Visit the Badshahi Mosque in Lahore, hike in the Hunza Valley.','7-10 days','30 days','Travel','3 months'),(31,192,'Invitation from a Pakistani company is required.','Invitation Letter Vetting, Application Support','~$90','Apply online with an invitation from a registered Pakistani company.','Invitation letter lacking official registration details.','N/A','For attending meetings, conferences, and trade fairs.','* Passport\n* Invitation Letter\n* Company Registration Docs','A credible invitation from the Board of Investment or a Chamber of Commerce.','N/A','7-10 days','30 days','Business','1 year'),(32,193,'Entry is controlled by Israel; requires coordination.','Special Permit Consultation','Varies','1. Gain admission.\n2. The university assists in applying for an Israeli-issued permit.','Denial of entry permits by Israeli authorities.','N/A','Requires obtaining a permit from Israeli authorities to enter the West Bank.','* Passport\n* University Letter\n* Israeli Permit','Proof of enrollment and financial support.','N/A','Varies','Varies','Education','Varies'),(32,194,'Not generally applicable for foreign nationals.','Consultation','N/A','N/A','N/A','N/A','Immigration is not a standard process for foreigners.','* N/A','N/A','N/A','N/A','N/A','Immigration','N/A'),(32,195,'Entry permits are issued by Israeli authorities.','Permit Application Support','Varies','Most tourists enter via Israel and visit Palestinian territories from there.','Political tensions and access restrictions.','Musakhan, Maqluba.','Tourism requires passing through Israeli checkpoints.','* Passport\n* Israeli Visa/Entry Stamp','Sufficient funds for your stay in the region.','Visit Bethlehem\'s Church of the Nativity, explore Ramallah.','Varies','Varies','Travel','Varies'),(32,196,'Requires permits and coordination with Israeli authorities.','Business Permit Assistance','Varies','Requires a sponsor and coordination with both Palestinian and Israeli authorities.','Access and movement restrictions.','N/A','Business activities require permits for entry into the West Bank.','* Passport\n* Business Invitation\n* Entry Permit','A valid reason for business and a local sponsor.','N/A','Varies','Varies','Business','Varies'),(33,197,'Acceptance from a Philippine school and conversion.','Student Visa Conversion, School Liaison','~$30','1. Enter as a tourist.\n2. Secure admission.\n3. Apply for conversion at the Bureau of Immigration.','Not completing the visa conversion process in time.','N/A','Students typically enter on a tourist visa and convert it to a student visa in the Philippines.','* Passport\n* Acceptance Letter\n* Medical Certificate','Proof of financial capacity to support studies.','N/A','2-4 weeks','1 year','Education','1 year'),(33,198,'Special Retiree Resident Visa (SRRV) is popular.','SRRV Application Help, Investment Advisory','Varies','Apply through the Philippine Retirement Authority (for SRRV) or Bureau of Immigration.','Complex paperwork for residency applications.','N/A','The Philippines offers several paths to residency, including for retirees and investors.','* Passport\n* Financial Proof (Bank Deposit)\n* Police Clearance','A specific time deposit in a Philippine bank.','N/A','Months','Permanent','Immigration','Varies'),(33,199,'Visa-free for a majority of nationalities.','Itinerary Planning, Tour Booking','Free','Enter with a valid passport, return ticket, and proof of accommodation.','Not having a confirmed outbound ticket.','Adobo, Lechon, Sinigang.','For tourism and visiting family.','* Passport\n* Onward/Return Ticket','Sufficient funds for your stay.','Explore the beaches of Palawan, see the Chocolate Hills in Bohol.','Visa-Free','30 days','Travel','30 days'),(33,200,'For business meetings and negotiations.','Business Visa Application Support','~$40','Apply at a Philippine embassy with a letter from your company.','Engaging in work-like activities.','N/A','For short-term, non-remunerated business activities.','* Passport\n* Company Letter\n* Invitation Letter','Proof of legitimate business purpose.','N/A','1-2 weeks','59 days','Business','6 months'),(34,201,'Requires sponsorship from the educational institution.','Sponsorship Coordination','Varies','1. Gain admission.\n2. School processes the entry permit.\n3. Enter and complete residency formalities.','Delays in the sponsorship process.','N/A','A residence permit sponsored by the school is required.','* Passport\n* Sponsor Docs from School\n* Medical Test','Full sponsorship from the institution.','N/A','4-6 weeks','1 year','Education','1 year'),(34,202,'Employment is the primary route to residency.','Work Residency Permit Help','Varies','1. Secure a job offer.\n2. Employer applies for your work permit.\n3. Enter and undergo medical tests.','Educational certificates not being properly attested.','N/A','Residency is tied to a work permit sponsored by a Qatari employer.','* Passport\n* Employment Contract\n* Attested Educational Degrees','A valid employment contract and attested degrees.','N/A','1-2 months','Long-term','Immigration','1-5 years'),(34,203,'Visa-free arrival for over 95 countries.','Travel Package Booking','Free','Eligible nationalities receive a visa waiver upon arrival at Hamad International Airport.','Not checking eligibility for visa-free arrival.','Machboos, Saloona.','For tourism and short visits.','* Passport with 6-month validity\n* Confirmed onward/return ticket','May be asked for proof of funds or hotel booking.','Visit the Museum of Islamic Art, explore Souq Waqif.','On Arrival','30 days','Travel','30 days'),(34,204,'For short-term business activities.','Business Visa Application','~$55','Apply online or through a Qatari embassy with company letters.','Lack of a proper invitation from a Qatari entity.','N/A','For attending meetings, conferences, or signing contracts.','* Passport\n* Company Letter\n* Invitation from Qatari company','A clear statement of business purpose.','N/A','1-2 weeks','90 days','Business','90 days'),(35,205,'Sponsored by a Saudi university.','University Sponsorship Help','Varies','1. Secure admission and scholarship (if any).\n2. University processes the visa authorization.','Cultural and social restrictions.','N/A','For students enrolled in Saudi educational institutions.','* Passport\n* Admission Letter\n* Medical Report','Full sponsorship from the university.','N/A','2-4 weeks','1 year','Education','1 year'),(35,206,'Premium Residency available for investors.','Premium Residency Advisory','Varies','Apply online through the official Premium Residency portal.','Meeting the high financial threshold.','N/A','The \"Saudi Green Card\" offers residency for investors and highly skilled individuals.','* Passport\n* Financial Proof\n* Health Insurance','Significant investment or high professional standing.','N/A','Months','Long-term','Immigration','Varies'),(35,207,'E-Visa available for tourism for many nationalities.','E-Visa Application','~$140','Apply online through the official \"Visit Saudi\" e-Visa portal.','Not adhering to local dress codes and customs.','Kabsa, Jareesh.','For tourism and attending events.','* Passport\n* Photo (digital)','N/A','Visit Al-Ula, explore Riyadh\'s modern architecture.','Online','90 days','Travel','1 year'),(35,208,'Requires an invitation from a Saudi company.','Invitation Vetting','~$55','1. Saudi company issues an invitation via the Chamber of Commerce.\n2. Apply at the embassy.','Delays in getting the invitation approved.','N/A','For commercial visits and business meetings.','* Passport\n* Invitation Letter\n* Company Registration','An officially attested invitation letter.','N/A','3-5 days','30 days','Business','90 days'),(38,209,'Requires approval from the Department of Immigration.','Immigration Approval Help','Varies','1. Gain admission.\n2. Apply for an entry visa at a Sri Lankan embassy.\n3. Apply for a residence permit upon arrival.','Not extending the residence permit annually.','N/A','For students enrolled in Sri Lankan schools or universities.','* Passport\n* School Letter\n* Return Ticket','Proof of enrollment and financial support.','N/A','2-4 weeks','1 year','Education','1 year'),(38,210,'Residency through employment or investment.','Residency Visa Application','Varies','Apply for a residence visa through the Department of Immigration and Emigration.','Complex and lengthy application process.','N/A','Sri Lanka offers residency for investors, skilled workers, and retirees.','* Passport\n* Work Contract or Investment Proof','A valid reason for long-term stay and sufficient funds.','N/A','Months','Long-term','Immigration','Varies'),(38,211,'Electronic Travel Authorization (ETA) required.','ETA Application','~$40','Apply online for an ETA before your trip. It is usually approved within minutes.','Forgetting to apply for the ETA before travel.','Rice and Curry, Kottu Roti.','For tourism and sightseeing.','* Passport','Sufficient funds for your stay.','Visit Sigiriya rock fortress, take a train ride through tea country.','Online','30 days','Travel','6 months'),(38,212,'ETA for short-term business meetings.','Business ETA Application','~$50','Apply for a Business ETA online with supporting documents.','Engaging in employment on a business ETA.','N/A','For attending meetings, workshops, and conferences.','* Passport\n* Company Letter or Invitation','Proof of business purpose.','N/A','Online','30 days','Business','6 months'),(39,213,'Highly restricted and requires security clearance.','Consultation','Varies','Requires multiple ministry approvals.','Security situation.','N/A','Not advisable due to the current security situation.','* Extensive documentation','N/A','N/A','Varies','Varies','Education','Varies'),(39,214,'Not currently a viable option.','Consultation','N/A','N/A','N/A','N/A','Immigration programs are suspended.','* N/A','N/A','N/A','N/A','N/A','Immigration','N/A'),(39,215,'Visa must be obtained in advance, security clearance needed.','Security Clearance Help','Varies','1. Book a tour with a specialized agency.\n2. Agency applies for security clearance.\n3. Apply at embassy.','Travel advisories and ongoing conflict.','Fattoush, Shawarma.','Tourism is extremely limited and requires a licensed guide.','* Passport\n* Detailed Itinerary\n* Security Clearance','Full pre-payment of the tour.','Visit the Umayyad Mosque in Damascus.','Weeks','15 days','Travel','1-3 months'),(39,216,'Requires extensive vetting and official invitation.','Invitation Vetting','Varies','Requires an official invitation and security clearance.','Security risks and international sanctions.','N/A','For business related to reconstruction or approved sectors.','* Passport\n* Official Invitation\n* Business Profile','A government-approved business purpose.','N/A','Weeks','Varies','Business','Varies'),(40,217,'For language or degree programs.','Student Visa Application','~$50','1. Apply for a visitor visa for study purposes.\n2. Enter Taiwan and enroll.\n3. Convert to a resident visa at the immigration agency.','Not converting the visa within the initial 90-day period.','N/A','Students can enter on a visitor visa and convert it to a resident visa for long-term study.','* Passport\n* Admission Letter\n* Health Check','Proof of funds for at least 6 months.','N/A','1-2 weeks','90 days (convertible)','Education','90 days'),(40,218,'Gold Card for highly skilled professionals is popular.','Gold Card Application Help','Varies','Apply for the Gold Card online or for other residency types at a TECO office.','Not meeting the specific criteria for the Gold Card.','N/A','Taiwan offers various residency options, including the Gold Card for top talent.','* Passport\n* Professional Documents (CV, portfolio, etc.)','Proof of high skills or significant income.','N/A','Months','Long-term','Immigration','Varies'),(40,219,'Visa-exempt for many nationalities.','Itinerary Planning','Free','Citizens of eligible countries can enter with a valid passport.','Overstaying the visa-exemption period.','Beef Noodle Soup, Bubble Tea.','For tourism and visiting Taiwan.','* Passport with 6-month validity','Sufficient funds for stay.','Explore Taipei 101, visit Taroko Gorge.','Visa-Exempt','90 days','Travel','90 days'),(40,220,'For attending trade fairs and meetings.','Business Visa Application','~$50','Apply at a Taipei Economic and Cultural Office (TECO).','Attempting to work on a business visa.','N/A','For short-term, non-remunerated business activities.','* Passport\n* Invitation Letter\n* Company Letter','A clear business purpose and invitation.','N/A','3-5 days','90 days','Business','1 year');
/*!40000 ALTER TABLE `visa` ENABLE KEYS */;
UNLOCK TABLES;

--
-- Table structure for table `visa_highlights`
--

DROP TABLE IF EXISTS `visa_highlights`;
/*!40101 SET @saved_cs_client     = @@character_set_client */;
/*!50503 SET character_set_client = utf8mb4 */;
CREATE TABLE `visa_highlights` (
  `id` bigint NOT NULL AUTO_INCREMENT,
  `eligibility_brief` varchar(1000) COLLATE utf8mb4_unicode_ci DEFAULT NULL,
  `services_offered` varchar(1000) COLLATE utf8mb4_unicode_ci DEFAULT NULL,
  `required_docs` varchar(2000) COLLATE utf8mb4_unicode_ci DEFAULT NULL,
  `country_name` varchar(255) COLLATE utf8mb4_unicode_ci DEFAULT NULL,
  `currency` varchar(255) COLLATE utf8mb4_unicode_ci DEFAULT NULL,
  `fee` varchar(255) COLLATE utf8mb4_unicode_ci DEFAULT NULL,
  `flag_url` varchar(255) COLLATE utf8mb4_unicode_ci DEFAULT NULL,
  `language` varchar(255) COLLATE utf8mb4_unicode_ci DEFAULT NULL,
  `processing_time` varchar(255) COLLATE utf8mb4_unicode_ci DEFAULT NULL,
  `stay_duration` varchar(255) COLLATE utf8mb4_unicode_ci DEFAULT NULL,
  `visa_type` varchar(255) COLLATE utf8mb4_unicode_ci DEFAULT NULL,
  `visa_validity` varchar(255) COLLATE utf8mb4_unicode_ci DEFAULT NULL,
  PRIMARY KEY (`id`)
) ENGINE=InnoDB AUTO_INCREMENT=21 DEFAULT CHARSET=utf8mb4 COLLATE=utf8mb4_unicode_ci;
/*!40101 SET character_set_client = @saved_cs_client */;

--
-- Dumping data for table `visa_highlights`
--

LOCK TABLES `visa_highlights` WRITE;
/*!40000 ALTER TABLE `visa_highlights` DISABLE KEYS */;
INSERT INTO `visa_highlights` VALUES (1,'Offer letter from a recognized institution.','Application Filing, Document Checklist, Interview Prep','Passport, Offer Letter, Financial Proof','Singapore','SGD','~$90','https://flagcdn.com/sg.svg','English','2-4 weeks','Course Duration','Education','Up to 2 years'),(2,'Certificate of Eligibility (COE) is required.','COE Assistance, University Application, Visa Filing','Passport, COE, Academic Transcripts','Japan','JPY','~$60','https://flagcdn.com/jp.svg','Japanese','4-6 weeks','Course Duration','Education','1-2 years'),(3,'Acceptance letter from a Korean university.','GKS Scholarship Guidance, Application Review','Passport, Admission Letter, Bank Statement','South Korea','KRW','~$50','https://flagcdn.com/kr.svg','Korean','2-4 weeks','Course Duration','Education','Up to 2 years'),(4,'JW201 or JW202 form from a Chinese university.','CSC Scholarship Help, University Matching','Passport, Admission Notice, JW201/JW202 Form','China','CNY','~$140','https://flagcdn.com/cn.svg','Mandarin','4-5 days','Course Duration','Education','1 year (multi-entry)'),(5,'Requires a student visa from a Turkish consulate.','Consulate Application Prep, Residency Permit Help','Passport, Admission Letter, Health Insurance','Turkey','TRY','Varies','https://flagcdn.com/tr.svg','Turkish','4-8 weeks','1 year','Education','1 year'),(6,'Skilled professionals with a job offer (EP/S Pass).','PR Application, Profile Assessment, Document Notarization','Passport, Employment Pass, Payslips','Singapore','SGD','~$100','https://flagcdn.com/sg.svg','English','6-12 months','Permanent','Immigration','5 years (PR)'),(7,'Investors, entrepreneurs, and exceptional talents.','Golden Visa Application, Business Setup, Legal Advisory','Passport, Business Plan, Financial Proof','UAE','AED','Varies','https://flagcdn.com/ae.svg','Arabic/English','2-4 weeks','Long-term','Immigration','5-10 years'),(8,'Point-based system for highly skilled professionals.','PR Application Filing, Document Translation','Passport, Residence Card, Proof of Income','Japan','JPY','~$150','https://flagcdn.com/jp.svg','Japanese','6-12 months','Long-term','Immigration','5 years'),(9,'Requires 5+ years of residency or significant investment.','F-5 Visa Application, Points Calculation','Passport, Alien Registration Card, Proof of Assets','South Korea','KRW','Varies','https://flagcdn.com/kr.svg','Korean','1-2 years','Permanent','Immigration','5 years (F-5)'),(10,'Residency via property ownership is a popular option.','Property Investment Advisory, Residency Application','Passport, Property Deed, Health Insurance','Turkey','TRY','Varies','https://flagcdn.com/tr.svg','Turkish','2-3 months','Long-term','Immigration','1 year (renewable)'),(11,'Proof of onward travel and accommodation.','E-Visa Application, Itinerary Planning, Travel Insurance','Passport, Flight Tickets, Hotel Bookings','Thailand','THB','~$40','https://flagcdn.com/th.svg','Thai','3-5 days','60 days','Travel','60 days'),(12,'Available for many nationalities at major airports.','Visa on Arrival Assistance, Extension Help','Passport, Return Ticket','Indonesia','IDR','~$35','https://flagcdn.com/id.svg','Indonesian','On Arrival','30 days (extendable)','Travel','30 days'),(13,'E-Visa available for 80+ nationalities.','E-Visa Application, Tour Booking','Passport Photo, Entry/Exit Dates','Vietnam','VND','~$25','https://flagcdn.com/vn.svg','Vietnamese','3 working days','30 days','Travel','30 days'),(14,'Visa-free entry for many nationalities.','Itinerary Planning, Local Guide Booking','Passport with 6-month validity','Malaysia','MYR','Free','https://flagcdn.com/my.svg','Malay','Visa-Free','Up to 90 days','Travel','90 days'),(15,'Visa-free for many nationalities for up to a full year.','Itinerary Planning, Local Tours','Passport','Georgia','GEL','Free','https://flagcdn.com/ge.svg','Georgian','Visa-Free','Up to 1 year','Travel','1 year'),(16,'For entrepreneurs wanting to start a business (EntrePass).','Company Registration, EntrePass Application, Business Plan','Passport, Business Plan, Financial Statements','Singapore','SGD','~$70','https://flagcdn.com/sg.svg','English','1-2 weeks','2 years','Business','2 years'),(17,'Ideal for finance, tech, and trade professionals.','Work Permit Application, Legal Consultation','Passport, Job Offer Letter, Company Sponsorship','Hong Kong','HKD','~$25','https://flagcdn.com/hk.svg','Cantonese/English','4-6 weeks','1 year','Business','1 year'),(18,'Tax-free zones and global business hub.','Business Setup, Bank Account Opening','Passport, Company License, Sponsor Letter','UAE','AED','Varies','https://flagcdn.com/ae.svg','Arabic/English','2-3 weeks','Varies','Business','Up to 3 years'),(19,'For attending meetings, sales, or setting up ventures.','E-Business Visa Application, Invitation Letter Help','Passport, Business Card, Invitation Letter','India','INR','~$100','https://flagcdn.com/in.svg','Hindi/English','3-5 days','180 days per visit','Business','1 year (multi-entry)'),(20,'Invitation from a Pakistani company is required.','Invitation Letter Vetting, Online Application','Passport, Invitation','Pakistan','PKR','~$90','https://flagcdn.com/pk.svg','Urdu/English','7-10 days','30 days','Business','1 year');
/*!40000 ALTER TABLE `visa_highlights` ENABLE KEYS */;
UNLOCK TABLES;
/*!40103 SET TIME_ZONE=@OLD_TIME_ZONE */;

/*!40101 SET SQL_MODE=@OLD_SQL_MODE */;
/*!40014 SET FOREIGN_KEY_CHECKS=@OLD_FOREIGN_KEY_CHECKS */;
/*!40014 SET UNIQUE_CHECKS=@OLD_UNIQUE_CHECKS */;
/*!40101 SET CHARACTER_SET_CLIENT=@OLD_CHARACTER_SET_CLIENT */;
/*!40101 SET CHARACTER_SET_RESULTS=@OLD_CHARACTER_SET_RESULTS */;
/*!40101 SET COLLATION_CONNECTION=@OLD_COLLATION_CONNECTION */;
/*!40111 SET SQL_NOTES=@OLD_SQL_NOTES */;

-- Dump completed on 2025-08-20 12:33:57
